input_sku,input_ean,input_name,source_api_sku,source_api_ean,source_api_name,source_currency,source_price_diamond,source_price_path,source_stock,source_stock_path,source_stock_status,plenty_item_id,plenty_variation_id,plenty_variation_number,plenty_match_method,plenty_old_purchase_price,plenty_target_purchase_price,purchase_price_status,plenty_old_stock,plenty_target_stock,stock_delta,stock_status,plenty_sales_price_id,plenty_target_sales_price,sales_price_status,source_status,plenty_status,overall_status,error,fetched_at_utc,synced_at_utc,cycle,attempts_total
106977,5906717404870,Fussbadewanne mit massagefunktion,106977,5906717404870,,EUR,,,0.0,stock_flag,PRODUCT_PAYLOAD,778,1869,106977,numberExact,129.88,,SOURCE_PRICE_MISSING,,,,DISABLED,8,,SOURCE_PRICE_MISSING,OK,FOUND,PARTIAL_ERROR,ActiveShop Price Diamond bulunamadi,2026-10-07T22:16:35.219551+00:00,2026-10-07T22:16:35.769629+00:00,28,15
108106,5906717425585,Beistellwagen kombi ii weiss,108106,5906717425585,,EUR,,,0.0,stock_flag,PRODUCT_PAYLOAD,794,1890,108106,numberExact,70.28,,SOURCE_PRICE_MISSING,,,,DISABLED,8,,SOURCE_PRICE_MISSING,OK,FOUND,PARTIAL_ERROR,ActiveShop Price Diamond bulunamadi,2026-10-07T22:18:22.666032+00:00,2026-10-07T22:18:23.283625+00:00,28,13
109081,5906717405327,Elektrische kosmetikliege azzurro 870 3 motoren weiss,109081,5906717405327,,EUR,,,0.0,stock_flag,PRODUCT_PAYLOAD,806,1904,109081,numberExact,938.01,938.01,SOURCE_PRICE_MISSING,,,,DISABLED,8,1395.29,SOURCE_PRICE_MISSING,OK,FOUND,PARTIAL_ERROR,ActiveShop Price Diamond bulunamadi,2026-10-07T22:18:59.957280+00:00,2026-10-07T22:19:00.521120+00:00,28,17
111451,5906717406553,Snippex nagelhautzange 11cm / 5mm,111451,5906717406553,,EUR,,,0.0,stock_flag,PRODUCT_PAYLOAD,816,1922,111451,numberExact,3.61,,SOURCE_PRICE_MISSING,,,,DISABLED,8,,SOURCE_PRICE_MISSING,OK,FOUND,PARTIAL_ERROR,ActiveShop Price Diamond bulunamadi,2026-10-07T22:22:14.497892+00:00,2026-10-07T22:22:15.039988+00:00,28,13
112371,5906717406690,Gabbiano barberstuhl royal schwarz,112371,5906717406690,,EUR,,,0.0,stock_flag,PRODUCT_PAYLOAD,845,1959,112371,numberExact,400.0,,SOURCE_PRICE_MISSING,,,,DISABLED,8,,SOURCE_PRICE_MISSING,OK,FOUND,PARTIAL_ERROR,ActiveShop Price Diamond bulunamadi,2026-10-07T22:22:28.272190+00:00,2026-10-07T22:22:28.827175+00:00,28,13
113912,5906717408342,Elektrische Nagelfräser Merc-2000 Weiss,113912,5906717408342,,EUR,,,0.0,stock_flag,PRODUCT_PAYLOAD,894,2028,113912,numberExact,7.0,,SOURCE_PRICE_MISSING,,,,DISABLED,8,,SOURCE_PRICE_MISSING,OK,FOUND,PARTIAL_ERROR,ActiveShop Price Diamond bulunamadi,2026-10-07T22:28:09.370667+00:00,2026-10-07T22:28:09.957022+00:00,28,13
114571,5906717408816,"Wachs-heizgerät dose 400ml, 100w weiss",114571,5906717408816,,EUR,,,0.0,stock_flag,PRODUCT_PAYLOAD,913,2054,114571,numberExact,,,SOURCE_PRICE_MISSING,,,,DISABLED,8,,SOURCE_PRICE_MISSING,OK,FOUND,PARTIAL_ERROR,ActiveShop Price Diamond bulunamadi,2026-10-07T22:28:50.183229+00:00,2026-10-07T22:28:50.725538+00:00,28,13
114948,5906717409097,Hydraulische kosmetikliege a 234c pedi schwarz,114948,5906717409097,,EUR,,,0.0,stock_flag,PRODUCT_PAYLOAD,924,2067,114948,numberExact,215.0,,SOURCE_PRICE_MISSING,,,,DISABLED,8,,SOURCE_PRICE_MISSING,OK,FOUND,PARTIAL_ERROR,ActiveShop Price Diamond bulunamadi,2026-10-07T22:30:32.553126+00:00,2026-10-07T22:30:33.118974+00:00,28,15
115406,8421421103521,Quickepil wachspatrone natural 110g,115406,8421421103521,,EUR,,,0.0,stock_flag,PRODUCT_PAYLOAD,935,2079,115406,numberExact,1.01,,SOURCE_PRICE_MISSING,,,,DISABLED,8,,SOURCE_PRICE_MISSING,OK,FOUND,PARTIAL_ERROR,ActiveShop Price Diamond bulunamadi,2026-10-07T22:31:10.520476+00:00,2026-10-07T22:31:11.086525+00:00,28,13
115422,8421421103613,Quickepil enthaarungswachs dose 800ml zink-argan,115422,8421421103613,,EUR,,,0.0,stock_flag,PRODUCT_PAYLOAD,942,2089,115422,numberExact,7.21,7.21,SOURCE_PRICE_MISSING,,,,DISABLED,8,10.72,SOURCE_PRICE_MISSING,OK,FOUND,PARTIAL_ERROR,ActiveShop Price Diamond bulunamadi,2026-10-07T22:31:36.069213+00:00,2026-10-07T22:31:36.622096+00:00,28,13
116273,5906717409721,Einbau-Staubabsorber Momo S-41 silber,116273,5906717409721,,EUR,,,0.0,stock_flag,PRODUCT_PAYLOAD,959,2106,116273,numberExact,40.26,40.26,SOURCE_PRICE_MISSING,,,,DISABLED,8,59.89,SOURCE_PRICE_MISSING,OK,FOUND,PARTIAL_ERROR,ActiveShop Price Diamond bulunamadi,2026-10-07T22:33:31.241134+00:00,2026-10-07T22:33:31.841691+00:00,28,13
119781,5906717410086,"Ringlampe ring light 18"" 48w led schwarz + stativ",119781,5906717410086,,EUR,,,0.0,stock_flag,PRODUCT_PAYLOAD,974,2124,119781,numberExact,69.13,,SOURCE_PRICE_MISSING,,,,DISABLED,8,,SOURCE_PRICE_MISSING,OK,FOUND,PARTIAL_ERROR,ActiveShop Price Diamond bulunamadi,2026-10-07T22:34:23.217071+00:00,2026-10-07T22:34:23.793857+00:00,28,13
122352,5906717410673,Hydraulische kosmetikliege a 234d mit wiege weiss,122352,5906717410673,,EUR,,,0.0,stock_flag,PRODUCT_PAYLOAD,980,2133,122352,numberExact,201.5,201.5,SOURCE_PRICE_MISSING,,,,DISABLED,8,299.73,SOURCE_PRICE_MISSING,OK,FOUND,PARTIAL_ERROR,ActiveShop Price Diamond bulunamadi,2026-10-07T22:34:41.796523+00:00,2026-10-07T22:34:42.373466+00:00,28,13
125823,5906717414497,Gerät elegante 878 3in1 plus mikro+ vacuum + ultraschall + spray,125823,5906717414497,,EUR,,,0.0,stock_flag,PRODUCT_PAYLOAD,1139,2322,125823,numberExact,98.75,,SOURCE_PRICE_MISSING,,,,DISABLED,8,,SOURCE_PRICE_MISSING,OK,FOUND,PARTIAL_ERROR,ActiveShop Price Diamond bulunamadi,2026-10-08T08:08:16.574827+00:00,2026-10-08T08:08:17.080043+00:00,28,16
125848,5906717400964,Socken frotte 2 st.,125848,5906717400964,Socken frotte 2 st.,EUR,7.12,extension_attributes.final_price,430.0,extension_attributes.stock_qty,PRODUCT_PAYLOAD,,,,,,,,,,,,,,,OK,PLENTY_VARIATION_NOT_FOUND,PLENTY_MATCH_ERROR,SKU/EAN ile Plenty varyasyonu bulunamadi.,2026-10-08T08:08:18.527216+00:00,,28,16
126134,5906717419072,Hair system friseurwagen 8-5,126134,5906717419072,,EUR,,,0.0,stock_flag,PRODUCT_PAYLOAD,1169,2357,126134,numberExact,21.64,,SOURCE_PRICE_MISSING,,,,DISABLED,8,,SOURCE_PRICE_MISSING,OK,FOUND,PARTIAL_ERROR,ActiveShop Price Diamond bulunamadi,2026-10-08T08:10:51.874214+00:00,2026-10-08T08:10:52.415579+00:00,28,16
126179,5906717419171,Beinauflage für pediküre 108 weiss,126179,5906717419171,,EUR,,,0.0,stock_flag,PRODUCT_PAYLOAD,1172,2360,126179,numberExact,20.2,,SOURCE_PRICE_MISSING,,,,DISABLED,8,,SOURCE_PRICE_MISSING,OK,FOUND,PARTIAL_ERROR,ActiveShop Price Diamond bulunamadi,2026-10-08T08:10:58.749057+00:00,2026-10-08T08:10:59.285688+00:00,28,16
100715,5906717401183,Hydraulische kosmetikliege a 234 weiss,100715,5906717401183,,EUR,,,0.0,stock_flag,PRODUCT_PAYLOAD,1256,2473,100715,numberExact,201.75,,SOURCE_PRICE_MISSING,,,,DISABLED,8,,SOURCE_PRICE_MISSING,OK,FOUND,PARTIAL_ERROR,ActiveShop Price Diamond bulunamadi,2026-10-08T16:55:36.932879+00:00,2026-10-08T16:55:37.465133+00:00,28,14
100716,5906717401190,Hydraulische kosmetikliege a 234c pedi weiss,100716,5906717401190,,EUR,,,0.0,stock_flag,PRODUCT_PAYLOAD,1257,2474,100716,numberExact,219.0,,SOURCE_PRICE_MISSING,,,,DISABLED,8,,SOURCE_PRICE_MISSING,OK,FOUND,PARTIAL_ERROR,ActiveShop Price Diamond bulunamadi,2026-10-08T16:55:38.876004+00:00,2026-10-08T16:55:39.400378+00:00,28,14
100954,5906717401824,Nagelfeile gerade big schwarz 80/100 1 st.,100954,5906717401824,,EUR,,,0.0,stock_flag,PRODUCT_PAYLOAD,1282,2501,100954,numberExact,0.25,,SOURCE_PRICE_MISSING,,,,DISABLED,8,,SOURCE_PRICE_MISSING,OK,FOUND,PARTIAL_ERROR,ActiveShop Price Diamond bulunamadi,2026-10-08T16:58:34.750080+00:00,2026-10-08T16:58:35.274927+00:00,28,14
104250,5906717403422,Paraffin 120g pfirsich,104250,5906717403422,,EUR,,,0.0,stock_flag,PRODUCT_PAYLOAD,1320,2542,104250,numberExact,1.01,1.01,SOURCE_PRICE_MISSING,,,,DISABLED,8,1.5,SOURCE_PRICE_MISSING,OK,FOUND,PARTIAL_ERROR,ActiveShop Price Diamond bulunamadi,2026-10-08T17:01:26.247299+00:00,2026-10-08T17:01:26.754258+00:00,28,14
104883,5906717404177,Einweg-bademantel kurzer ärmel,104883,5906717404177,,EUR,,,0.0,stock_flag,PRODUCT_PAYLOAD,1333,2561,104883,numberExact,1.16,,SOURCE_PRICE_MISSING,,,,DISABLED,8,,SOURCE_PRICE_MISSING,OK,FOUND,PARTIAL_ERROR,ActiveShop Price Diamond bulunamadi,2026-10-08T17:02:15.923915+00:00,2026-10-08T17:02:16.449383+00:00,28,14
123468,5906717413124,Gabbiano friseurstuhl für kinder polizeiwagen b082,123468,5906717413124,,EUR,,,0.0,stock_flag,PRODUCT_PAYLOAD,1393,2624,123468,numberExact,259.61,,SOURCE_PRICE_MISSING,,,,DISABLED,8,,SOURCE_PRICE_MISSING,OK,FOUND,PARTIAL_ERROR,ActiveShop Price Diamond bulunamadi,2026-10-08T17:07:24.047706+00:00,2026-10-08T17:07:24.565794+00:00,28,14
127631,5906717423291,Ring-Schreibtischleuchte LED Snake weiß,127631,5906717423291,,EUR,,,0.0,stock_flag,PRODUCT_PAYLOAD,1440,2676,127631,numberExact,5.77,,SOURCE_PRICE_MISSING,,,,DISABLED,8,,SOURCE_PRICE_MISSING,OK,FOUND,PARTIAL_ERROR,ActiveShop Price Diamond bulunamadi,2026-10-08T17:11:47.491190+00:00,2026-10-08T17:11:48.005087+00:00,28,14
127976,5906717425875,Snippex Rasiermesser Razor 135 Stahl,127976,5906717425875,,EUR,,,0.0,stock_flag,PRODUCT_PAYLOAD,1444,2681,127976,numberExact,7.07,,SOURCE_PRICE_MISSING,,,,DISABLED,8,,SOURCE_PRICE_MISSING,OK,FOUND,PARTIAL_ERROR,ActiveShop Price Diamond bulunamadi,2026-10-08T17:11:56.992050+00:00,2026-10-08T17:11:57.513916+00:00,28,14
128443,5906717426384,Kugelsterilisator Pro 100W,128443,5906717426384,,EUR,,,0.0,stock_flag,PRODUCT_PAYLOAD,1446,2683,128443,numberExact,4.88,,SOURCE_PRICE_MISSING,,,,DISABLED,8,,SOURCE_PRICE_MISSING,OK,FOUND,PARTIAL_ERROR,ActiveShop Price Diamond bulunamadi,2026-10-08T17:12:01.401872+00:00,2026-10-08T17:12:01.900738+00:00,28,14
127411,5906717423000,Werkstattlampe led elegante 801-s mit Schraubstöckchen standard schwarz,127411,5906717423000,,EUR,,,0.0,stock_flag,PRODUCT_PAYLOAD,1450,2687,127411,numberExact,47.04,47.04,SOURCE_PRICE_MISSING,,,,DISABLED,8,69.97,SOURCE_PRICE_MISSING,OK,FOUND,PARTIAL_ERROR,ActiveShop Price Diamond bulunamadi,2026-10-08T17:12:10.786372+00:00,2026-10-08T17:12:11.304517+00:00,28,14
131525,5906717431326,Paraffin grün natural 200g,131525,5906717431326,,EUR,,,0.0,stock_flag,PRODUCT_PAYLOAD,1467,2704,131525,numberExact,1.44,1.44,SOURCE_PRICE_MISSING,,,,DISABLED,8,2.14,SOURCE_PRICE_MISSING,OK,FOUND,PARTIAL_ERROR,ActiveShop Price Diamond bulunamadi,2026-10-08T17:12:52.355513+00:00,2026-10-08T17:12:52.931860+00:00,28,14
131772,5901810005276,"Apis Himbeerglühen, Algenmaske mit gefriergetrockneten Himbeeren 20g",131772,5901810005276,,EUR,,,0.0,stock_flag,PRODUCT_PAYLOAD,1482,2727,131772,numberExact,1.01,,SOURCE_PRICE_MISSING,,,,DISABLED,8,,SOURCE_PRICE_MISSING,OK,FOUND,PARTIAL_ERROR,ActiveShop Price Diamond bulunamadi,2026-10-08T17:14:46.034442+00:00,2026-10-08T17:14:46.558271+00:00,28,14
129155,5906717427817,Friseurumhang j-04,129155,5906717427817,,EUR,,,0.0,stock_flag,PRODUCT_PAYLOAD,1499,2744,129155,numberExact,3.61,3.61,SOURCE_PRICE_MISSING,,,,DISABLED,8,5.37,SOURCE_PRICE_MISSING,OK,FOUND,PARTIAL_ERROR,ActiveShop Price Diamond bulunamadi,2026-10-08T22:25:44.390933+00:00,2026-10-08T22:25:44.940583+00:00,28,14
129181,5906717428067,Glasbehälter für Instrumentendesinfektion q5b 800 ml,129181,5906717428067,,EUR,,,0.0,stock_flag,PRODUCT_PAYLOAD,1515,2762,129181,numberExact,7.5,,SOURCE_PRICE_MISSING,,,,DISABLED,8,,SOURCE_PRICE_MISSING,OK,FOUND,PARTIAL_ERROR,ActiveShop Price Diamond bulunamadi,2026-10-08T22:26:32.894825+00:00,2026-10-08T22:26:33.451638+00:00,28,14
130994,5906717430664,Behandlungslampe led all4light lashes line 2 schwarz mit Halterung,130994,5906717430664,,EUR,,,0.0,stock_flag,PRODUCT_PAYLOAD,1528,2776,130994,numberExact,29.73,,SOURCE_PRICE_MISSING,,,,DISABLED,8,,SOURCE_PRICE_MISSING,OK,FOUND,PARTIAL_ERROR,ActiveShop Price Diamond bulunamadi,2026-10-08T22:27:06.867930+00:00,2026-10-08T22:27:07.432820+00:00,28,14
130995,5906717430671,Behandlungslampe led all4light lashes line 2 silber mit Halterung,130995,5906717430671,,EUR,,,0.0,stock_flag,PRODUCT_PAYLOAD,1528,2777,130995,numberExact,29.73,,SOURCE_PRICE_MISSING,,,,DISABLED,8,,SOURCE_PRICE_MISSING,OK,FOUND,PARTIAL_ERROR,ActiveShop Price Diamond bulunamadi,2026-10-08T22:27:08.724962+00:00,2026-10-08T22:27:09.290717+00:00,28,14
133548,5900117973141,Farmona Algenmaske mit Vitamin C 500ml,133548,5900117973141,,EUR,,,0.0,stock_flag,PRODUCT_PAYLOAD,1563,2824,133548,numberExact,7.92,7.92,SOURCE_PRICE_MISSING,,,,DISABLED,8,11.78,SOURCE_PRICE_MISSING,OK,FOUND,PARTIAL_ERROR,ActiveShop Price Diamond bulunamadi,2026-10-08T22:31:42.993727+00:00,2026-10-08T22:31:43.546430+00:00,28,14
133633,5900117001332,Farmona Samthände Hand Peeling 500 g,133633,5900117001332,,EUR,,,0.0,stock_flag,PRODUCT_PAYLOAD,1603,2864,133633,numberExact,11.4,11.4,SOURCE_PRICE_MISSING,,,,DISABLED,8,16.96,SOURCE_PRICE_MISSING,OK,FOUND,PARTIAL_ERROR,ActiveShop Price Diamond bulunamadi,2026-10-08T22:34:31.986641+00:00,2026-10-08T22:34:32.548583+00:00,28,14
134272,5900117973868,farmona Experte Wimpern Gesichtsreinigungsschaum 150ml,134272,5900117973868,,EUR,,,0.0,stock_flag,PRODUCT_PAYLOAD,1627,2888,134272,numberExact,4.19,4.19,SOURCE_PRICE_MISSING,,,,DISABLED,8,6.23,SOURCE_PRICE_MISSING,OK,FOUND,PARTIAL_ERROR,ActiveShop Price Diamond bulunamadi,2026-10-08T22:35:37.814215+00:00,2026-10-08T22:35:38.387125+00:00,28,14
129327,5906717428234,Gerät Elegante Platinum T8 Anti-Aging & Body-Shaping System,129327,5906717428234,,EUR,,,0.0,stock_flag,PRODUCT_PAYLOAD,,,,,,,,,,,,,,,OK,PLENTY_VARIATION_NOT_FOUND,PLENTY_MATCH_ERROR,SKU/EAN ile Plenty varyasyonu bulunamadi.,2026-10-08T22:37:19.112002+00:00,,28,38
135034,5906717437717,Ersatzdüsen für Munddusche iFanze,135034,5906717437717,,EUR,,,0.0,stock_flag,PRODUCT_PAYLOAD,1661,2923,135034,numberExact,12.85,12.85,SOURCE_PRICE_MISSING,,,,DISABLED,8,19.11,SOURCE_PRICE_MISSING,OK,FOUND,PARTIAL_ERROR,ActiveShop Price Diamond bulunamadi,2026-10-08T22:38:34.082813+00:00,2026-10-08T22:38:34.632397+00:00,28,14
135182,5906717438127,Uhr Dekoration Lüfter,135182,5906717438127,,EUR,,,0.0,stock_flag,PRODUCT_PAYLOAD,1662,2924,135182,numberExact,35.5,35.5,SOURCE_PRICE_MISSING,,,,DISABLED,8,52.81,SOURCE_PRICE_MISSING,OK,FOUND,PARTIAL_ERROR,ActiveShop Price Diamond bulunamadi,2026-10-08T22:38:36.099215+00:00,2026-10-08T22:38:36.692419+00:00,28,14
133143,5906717434815,Gabbiano Friseurstuhl Venedig grau,133143,5906717434815,,EUR,,,0.0,stock_flag,PRODUCT_PAYLOAD,1690,2963,133143,numberExact,236.67,236.67,SOURCE_PRICE_MISSING,,,,DISABLED,8,352.05,SOURCE_PRICE_MISSING,OK,FOUND,PARTIAL_ERROR,ActiveShop Price Diamond bulunamadi,2026-10-08T22:41:23.886877+00:00,2026-10-08T22:41:24.459099+00:00,28,14
133283,5906717435959,Friseurumhang j-33,133283,5906717435959,,EUR,,,0.0,stock_flag,PRODUCT_PAYLOAD,1695,2968,133283,numberExact,4.33,,SOURCE_PRICE_MISSING,,,,DISABLED,8,,SOURCE_PRICE_MISSING,OK,FOUND,PARTIAL_ERROR,ActiveShop Price Diamond bulunamadi,2026-10-08T22:41:47.547051+00:00,2026-10-08T22:41:48.113263+00:00,28,16
135476,5906717439629,Aroma Diffusor Luftbefeuchter spa 16 dark wood 130ml,135476,5906717439629,,EUR,,,0.0,stock_flag,PRODUCT_PAYLOAD,1746,3030,135476,numberExact,,,SOURCE_PRICE_MISSING,,,,DISABLED,8,,SOURCE_PRICE_MISSING,OK,FOUND,PARTIAL_ERROR,ActiveShop Price Diamond bulunamadi,2026-10-08T22:46:30.347832+00:00,2026-10-08T22:46:30.918253+00:00,28,14
132971,5906717434242,BEISTELLWAGEN TATTOO PRO INK 1015 SCHWARZ,132971,5906717434242,,EUR,,,0.0,stock_flag,PRODUCT_PAYLOAD,1754,3039,132971,numberExact,70.5,,SOURCE_PRICE_MISSING,,,,DISABLED,8,,SOURCE_PRICE_MISSING,OK,FOUND,PARTIAL_ERROR,ActiveShop Price Diamond bulunamadi,2026-10-08T22:46:54.689091+00:00,2026-10-08T22:46:55.245509+00:00,28,14
137804,5906717443237,MOMO PROFESSIONAL GRAU MANICURE ARMLEHNE,137804,5906717443237,,EUR,,,0.0,stock_flag,PRODUCT_PAYLOAD,1765,3050,137804,numberExact,9.25,9.25,SOURCE_PRICE_MISSING,,,,DISABLED,8,13.76,SOURCE_PRICE_MISSING,OK,FOUND,PARTIAL_ERROR,ActiveShop Price Diamond bulunamadi,2026-10-09T07:59:52.862415+00:00,2026-10-09T07:59:53.481874+00:00,28,14
138635,5906717445576,"FRÄSER EXO PRO DIAMANT FRONTALWALZE 5,0MM BL",138635,5906717445576,,EUR,,,0.0,stock_flag,PRODUCT_PAYLOAD,1804,3109,138635,numberExact,6.29,,SOURCE_PRICE_MISSING,,,,DISABLED,8,,SOURCE_PRICE_MISSING,OK,FOUND,PARTIAL_ERROR,ActiveShop Price Diamond bulunamadi,2026-10-09T08:03:34.426351+00:00,2026-10-09T08:03:35.002069+00:00,28,14
137104,5906717442117,GABBIANO FRISEURWÄSCHE ASTI SCHWARZ,137104,5906717442117,,EUR,,,0.0,stock_flag,PRODUCT_PAYLOAD,1834,3151,137104,numberExact,360.63,,SOURCE_PRICE_MISSING,,,,DISABLED,8,,SOURCE_PRICE_MISSING,OK,FOUND,PARTIAL_ERROR,ActiveShop Price Diamond bulunamadi,2026-10-09T08:06:28.152744+00:00,2026-10-09T08:06:28.729174+00:00,28,14
137630,5906717442841,EXO POLERKA BUFER BANANE 320/1200 10 STK,137630,5906717442841,,EUR,,,0.0,stock_flag,PRODUCT_PAYLOAD,1839,3156,137630,numberExact,0.8,,SOURCE_PRICE_MISSING,,,,DISABLED,8,,SOURCE_PRICE_MISSING,OK,FOUND,PARTIAL_ERROR,ActiveShop Price Diamond bulunamadi,2026-10-09T08:06:41.679740+00:00,2026-10-09T08:06:42.250442+00:00,28,14
142855,5900117975961,FARMONA Lifting Algenmaske mit Viperngift 160 g,142855,5900117975961,,EUR,,,0.0,stock_flag,PRODUCT_PAYLOAD,1868,3191,142855,numberExact,7.92,7.92,SOURCE_PRICE_MISSING,,,,DISABLED,8,11.78,SOURCE_PRICE_MISSING,OK,FOUND,PARTIAL_ERROR,ActiveShop Price Diamond bulunamadi,2026-10-09T08:09:18.480639+00:00,2026-10-09T08:09:19.112786+00:00,28,14
136915,5906717441639,FRISEUR FRISEURKOFFER SCHWARZ GOLD,136915,5906717441639,,EUR,,,0.0,stock_flag,PRODUCT_PAYLOAD,1879,3202,136915,numberExact,53.39,53.39,SOURCE_PRICE_MISSING,,,,DISABLED,8,79.42,SOURCE_PRICE_MISSING,OK,FOUND,PARTIAL_ERROR,ActiveShop Price Diamond bulunamadi,2026-10-09T08:09:48.944127+00:00,2026-10-09T08:09:49.506354+00:00,28,14
138472,5906717444494,Tattoo nadeln El Cartel 0.35 5RS SHADER 25 stk.,138472,5906717444494,,EUR,,,0.0,stock_flag,PRODUCT_PAYLOAD,1922,3248,138472,numberExact,7.46,7.46,SOURCE_PRICE_MISSING,,,,DISABLED,8,11.1,SOURCE_PRICE_MISSING,OK,FOUND,PARTIAL_ERROR,ActiveShop Price Diamond bulunamadi,2026-10-09T08:12:55.490740+00:00,2026-10-09T08:12:56.053233+00:00,28,14
143104,5906750236360,CLARESA BASISGUMMI 10 -5g,143104,5906750236360,,EUR,,,0.0,stock_flag,PRODUCT_PAYLOAD,1925,3254,143104,numberExact,2.82,2.82,SOURCE_PRICE_MISSING,,,,DISABLED,8,4.19,SOURCE_PRICE_MISSING,OK,FOUND,PARTIAL_ERROR,ActiveShop Price Diamond bulunamadi,2026-10-09T08:14:13.509499+00:00,2026-10-09T08:14:14.104873+00:00,28,14
143107,5907731978088,CLARESA BASISGUMMI 13 -5g,143107,5907731978088,,EUR,,,0.0,stock_flag,PRODUCT_PAYLOAD,1925,3257,143107,numberExact,2.82,2.82,SOURCE_PRICE_MISSING,,,,DISABLED,8,4.19,SOURCE_PRICE_MISSING,OK,FOUND,PARTIAL_ERROR,ActiveShop Price Diamond bulunamadi,2026-10-09T08:14:15.515784+00:00,2026-10-09T08:14:16.101880+00:00,28,14
143108,5903819802061,CLARESA BASISGUMMI 14 -5g,143108,5903819802061,,EUR,,,0.0,stock_flag,PRODUCT_PAYLOAD,1925,3258,143108,numberExact,2.82,2.82,SOURCE_PRICE_MISSING,,,,DISABLED,8,4.19,SOURCE_PRICE_MISSING,OK,FOUND,PARTIAL_ERROR,ActiveShop Price Diamond bulunamadi,2026-10-09T08:14:17.591314+00:00,2026-10-09T08:14:18.640578+00:00,28,14
143115,5903819802122,CLARESA BASISGUMMI 20 -5g,143115,5903819802122,,EUR,,,0.0,stock_flag,PRODUCT_PAYLOAD,1925,3259,143115,numberExact,2.82,2.82,SOURCE_PRICE_MISSING,,,,DISABLED,8,4.19,SOURCE_PRICE_MISSING,OK,FOUND,PARTIAL_ERROR,ActiveShop Price Diamond bulunamadi,2026-10-09T08:14:20.069471+00:00,2026-10-09T08:14:20.672385+00:00,28,14
143193,5906750239699,CLARESA Hybrid Politur CANDY 2 -5g,143193,5906750239699,,EUR,,,0.0,stock_flag,PRODUCT_PAYLOAD,1930,3324,143193,numberExact,2.08,,SOURCE_PRICE_MISSING,,,,DISABLED,8,,SOURCE_PRICE_MISSING,OK,FOUND,PARTIAL_ERROR,ActiveShop Price Diamond bulunamadi,2026-10-09T08:15:17.458603+00:00,2026-10-09T08:15:18.082359+00:00,28,14
143196,5906750239729,CLARESA Hybrid Politur CANDY 5 -5g,143196,5906750239729,,EUR,,,0.0,stock_flag,PRODUCT_PAYLOAD,1930,3327,143196,numberExact,2.08,,SOURCE_PRICE_MISSING,,,,DISABLED,8,,SOURCE_PRICE_MISSING,OK,FOUND,PARTIAL_ERROR,ActiveShop Price Diamond bulunamadi,2026-10-09T08:15:22.385608+00:00,2026-10-09T08:15:22.977400+00:00,28,14
143216,5903819807219,"CLARESA Gel Politur FALLIN""LOVE 13 -5g",143216,5903819807219,,EUR,,,0.0,stock_flag,PRODUCT_PAYLOAD,1932,3332,143216,numberExact,2.08,,SOURCE_PRICE_MISSING,,,,DISABLED,8,,SOURCE_PRICE_MISSING,OK,FOUND,PARTIAL_ERROR,ActiveShop Price Diamond bulunamadi,2026-10-09T08:15:35.288335+00:00,2026-10-09T08:15:35.978653+00:00,28,14
143225,5903819803792,CLARESA Hybridlack FLUO 1 -5g,143225,5903819803792,,EUR,,,0.0,stock_flag,PRODUCT_PAYLOAD,1933,3341,143225,numberExact,2.08,,SOURCE_PRICE_MISSING,,,,DISABLED,8,,SOURCE_PRICE_MISSING,OK,FOUND,PARTIAL_ERROR,ActiveShop Price Diamond bulunamadi,2026-10-09T08:17:05.760451+00:00,2026-10-09T08:17:06.399728+00:00,28,14
143243,5903819801170,CLARESA Hybridlack Galaxy Navy Blue 5g,143243,5903819801170,,EUR,,,0.0,stock_flag,PRODUCT_PAYLOAD,1938,3360,143243,numberExact,2.08,2.08,SOURCE_PRICE_MISSING,,,,DISABLED,8,3.09,SOURCE_PRICE_MISSING,OK,FOUND,PARTIAL_ERROR,ActiveShop Price Diamond bulunamadi,2026-10-09T08:17:53.926251+00:00,2026-10-09T08:17:54.495182+00:00,28,16
143273,5902846077428,CLARESA Gel Politur GREEN 802 -5g,143273,5902846077428,,EUR,,,0.0,stock_flag,PRODUCT_PAYLOAD,1929,3286,143273,numberExact,2.08,,SOURCE_PRICE_MISSING,,,,DISABLED,8,,SOURCE_PRICE_MISSING,OK,FOUND,PARTIAL_ERROR,ActiveShop Price Diamond bulunamadi,2026-10-09T08:18:17.360374+00:00,2026-10-09T08:18:17.913789+00:00,28,14
143276,5902846079378,CLARESA Gel Politur GRÜN 808 -5g,143276,5902846079378,,EUR,,,0.0,stock_flag,PRODUCT_PAYLOAD,1929,3287,143276,numberExact,2.08,2.08,SOURCE_PRICE_MISSING,,,,DISABLED,8,3.09,SOURCE_PRICE_MISSING,OK,FOUND,PARTIAL_ERROR,ActiveShop Price Diamond bulunamadi,2026-10-09T08:18:19.288503+00:00,2026-10-09T08:18:19.872533+00:00,28,14
143301,5906750239774,CLARESA Hybrid Politur MINT 4 -5g,143301,5906750239774,,EUR,,,0.0,stock_flag,PRODUCT_PAYLOAD,1944,3379,143301,numberExact,2.08,,SOURCE_PRICE_MISSING,,,,DISABLED,8,,SOURCE_PRICE_MISSING,OK,FOUND,PARTIAL_ERROR,ActiveShop Price Diamond bulunamadi,2026-10-09T08:20:05.930488+00:00,2026-10-09T08:20:06.512186+00:00,28,14
143368,5903819801255,CLARESA Gelpolitur Precious PS5,143368,5903819801255,,EUR,,,0.0,stock_flag,PRODUCT_PAYLOAD,1947,3391,143368,numberExact,2.08,,SOURCE_PRICE_MISSING,,,,DISABLED,8,,SOURCE_PRICE_MISSING,OK,FOUND,PARTIAL_ERROR,ActiveShop Price Diamond bulunamadi,2026-10-05T07:41:17.477746+00:00,2026-10-05T07:41:18.025479+00:00,27,15
143425,5903819807615,"CLARESA Gel Politur WARMIN""FALL 5 -5g",143425,5903819807615,,EUR,,,0.0,stock_flag,PRODUCT_PAYLOAD,1951,3399,143425,numberExact,2.08,,SOURCE_PRICE_MISSING,,,,DISABLED,8,,SOURCE_PRICE_MISSING,OK,FOUND,PARTIAL_ERROR,ActiveShop Price Diamond bulunamadi,2026-10-05T07:43:30.659651+00:00,2026-10-05T07:43:31.229288+00:00,27,13
143474,5903819807653,CLARESA Hybridlack GREEN WINKS 2 -5g,143474,5903819807653,,EUR,,,0.0,stock_flag,PRODUCT_PAYLOAD,1967,3416,143474,numberExact,2.08,,SOURCE_PRICE_MISSING,,,,DISABLED,8,,SOURCE_PRICE_MISSING,OK,FOUND,PARTIAL_ERROR,ActiveShop Price Diamond bulunamadi,2026-10-05T07:44:20.028066+00:00,2026-10-05T07:44:20.571234+00:00,27,15
143482,5903819808421,CLARESA Hybridlack Make It Shine! 6 -5g,143482,5903819808421,,EUR,,,0.0,stock_flag,PRODUCT_PAYLOAD,1968,3419,143482,numberExact,2.08,,SOURCE_PRICE_MISSING,,,,DISABLED,8,,SOURCE_PRICE_MISSING,OK,FOUND,PARTIAL_ERROR,ActiveShop Price Diamond bulunamadi,2026-10-05T07:44:25.054682+00:00,2026-10-05T07:44:25.692768+00:00,27,13
138345,5906717443916,HAARWECHSELRICHTER TRIO XL PINK K-222,138345,5906717443916,,EUR,,,0.0,stock_flag,PRODUCT_PAYLOAD,1988,3445,138345,numberExact,18.76,,SOURCE_PRICE_MISSING,,,,DISABLED,8,,SOURCE_PRICE_MISSING,OK,FOUND,PARTIAL_ERROR,ActiveShop Price Diamond bulunamadi,2026-10-05T07:46:39.974853+00:00,2026-10-05T07:46:40.532397+00:00,27,15
141188,5906717448102,4Rico Barhocker QS-B16g Samt Schwarz,141188,5906717448102,,EUR,,,0.0,stock_flag,PRODUCT_PAYLOAD,1991,3449,141188,numberExact,53.97,,SOURCE_PRICE_MISSING,,,,DISABLED,8,,SOURCE_PRICE_MISSING,OK,FOUND,PARTIAL_ERROR,ActiveShop Price Diamond bulunamadi,2026-10-05T07:46:50.179853+00:00,2026-10-05T07:46:50.736929+00:00,27,13
141179,5906717448010,BÜROSTUHL QS-11 SCHWARZ,141179,5906717448010,,EUR,,,0.0,stock_flag,PRODUCT_PAYLOAD,1994,3454,141179,numberExact,43.75,,SOURCE_PRICE_MISSING,,,,DISABLED,8,,SOURCE_PRICE_MISSING,OK,FOUND,PARTIAL_ERROR,ActiveShop Price Diamond bulunamadi,2026-10-05T07:47:00.377191+00:00,2026-10-05T07:47:00.937483+00:00,27,13
140079,5906717445811,GABBIANO FRISEURSTUHL DALLAS SCHWARZ,140079,5906717445811,,EUR,,,0.0,stock_flag,PRODUCT_PAYLOAD,2066,3536,140079,numberExact,214.44,214.44,SOURCE_PRICE_MISSING,,,,DISABLED,8,318.98,SOURCE_PRICE_MISSING,OK,FOUND,PARTIAL_ERROR,ActiveShop Price Diamond bulunamadi,2026-10-05T07:52:45.725285+00:00,2026-10-05T07:52:46.287765+00:00,27,13
144386,5903819809480,CLARESA Hybridlack Kiss Me! 3 -5g,144386,5903819809480,,EUR,,,0.0,stock_flag,PRODUCT_PAYLOAD,2081,3555,144386,numberExact,2.08,2.08,SOURCE_PRICE_MISSING,,,,DISABLED,8,3.09,SOURCE_PRICE_MISSING,OK,FOUND,PARTIAL_ERROR,ActiveShop Price Diamond bulunamadi,2026-10-05T07:53:28.921445+00:00,2026-10-05T07:53:29.503461+00:00,27,13
144387,5903819809497,CLARESA Hybridlack Kiss Me! 4 -5g,144387,5903819809497,,EUR,,,0.0,stock_flag,PRODUCT_PAYLOAD,2081,3556,144387,numberExact,2.08,2.08,SOURCE_PRICE_MISSING,,,,DISABLED,8,3.09,SOURCE_PRICE_MISSING,OK,FOUND,PARTIAL_ERROR,ActiveShop Price Diamond bulunamadi,2026-10-05T07:53:30.856724+00:00,2026-10-05T07:53:31.432645+00:00,27,13
144701,5903819813968,CLARESA HYBRIDLACK SUMMER STORIES 4 -5g,144701,5903819813968,,EUR,,,0.0,stock_flag,PRODUCT_PAYLOAD,2082,3562,144701,numberExact,2.08,,SOURCE_PRICE_MISSING,,,,DISABLED,8,,SOURCE_PRICE_MISSING,OK,FOUND,PARTIAL_ERROR,ActiveShop Price Diamond bulunamadi,2026-10-05T07:54:52.082001+00:00,2026-10-05T07:54:53.117347+00:00,27,35
142852,5906717449024,Elektrische Kosmetikliege  LUX WEISS BEHEIZT,142852,5906717449024,,EUR,,,0.0,stock_flag,PRODUCT_PAYLOAD,2092,3578,142852,numberExact,475.0,,SOURCE_PRICE_MISSING,,,,DISABLED,8,,SOURCE_PRICE_MISSING,OK,FOUND,PARTIAL_ERROR,ActiveShop Price Diamond bulunamadi,2026-10-05T07:55:39.739365+00:00,2026-10-05T07:55:40.320247+00:00,27,13
143078,5906717449772,SAKURA MASSAGESESSEL STANDARD 801 GRAU,143078,5906717449772,,EUR,,,0.0,stock_flag,PRODUCT_PAYLOAD,2101,3597,143078,numberExact,1010.16,1010.16,SOURCE_PRICE_MISSING,,,,DISABLED,8,1502.61,SOURCE_PRICE_MISSING,OK,FOUND,PARTIAL_ERROR,ActiveShop Price Diamond bulunamadi,2026-10-05T07:56:37.427011+00:00,2026-10-05T07:56:38.019533+00:00,27,13
134810,5906717437564,OCHO PRO HUF 101,134810,5906717437564,,EUR,,,0.0,stock_flag,PRODUCT_PAYLOAD,2122,3621,134810,numberExact,2.24,2.24,SOURCE_PRICE_MISSING,,,,DISABLED,8,3.33,SOURCE_PRICE_MISSING,OK,FOUND,PARTIAL_ERROR,ActiveShop Price Diamond bulunamadi,2026-10-05T07:58:46.719387+00:00,2026-10-05T07:58:47.252230+00:00,27,13
134813,5906717437595,OCHO PRO HUF 104,134813,5906717437595,,EUR,,,0.0,stock_flag,PRODUCT_PAYLOAD,2125,3624,134813,numberExact,2.24,2.24,SOURCE_PRICE_MISSING,,,,DISABLED,8,3.33,SOURCE_PRICE_MISSING,OK,FOUND,PARTIAL_ERROR,ActiveShop Price Diamond bulunamadi,2026-10-05T07:58:54.141690+00:00,2026-10-05T07:58:54.662576+00:00,27,15
141663,5906717448881,LOCKENSTABROLLER FÜR LOCKIGES HAAR,141663,5906717448881,,EUR,,,0.0,stock_flag,PRODUCT_PAYLOAD,2146,3657,141663,numberExact,,,SOURCE_PRICE_MISSING,,,,DISABLED,8,,SOURCE_PRICE_MISSING,OK,FOUND,PARTIAL_ERROR,ActiveShop Price Diamond bulunamadi,2026-10-05T08:01:23.112116+00:00,2026-10-05T08:01:23.680404+00:00,27,13
144229,5906717451317,"SNIPPEX NAGELHAUTSCHIEBER PS58 12,6 CM",144229,5906717451317,,EUR,,,0.0,stock_flag,PRODUCT_PAYLOAD,2180,3714,144229,numberExact,1.3,1.3,SOURCE_PRICE_MISSING,,,,DISABLED,8,1.93,SOURCE_PRICE_MISSING,OK,FOUND,PARTIAL_ERROR,ActiveShop Price Diamond bulunamadi,2026-10-05T18:52:41.919498+00:00,2026-10-05T18:52:42.412046+00:00,27,13
144338,5906717451690,NAGELLACKDISPLAY C25,144338,5906717451690,,EUR,,,0.0,stock_flag,PRODUCT_PAYLOAD,2207,3744,144338,numberExact,3.46,3.46,SOURCE_PRICE_MISSING,,,,DISABLED,8,5.15,SOURCE_PRICE_MISSING,OK,FOUND,PARTIAL_ERROR,ActiveShop Price Diamond bulunamadi,2026-10-05T18:54:59.623411+00:00,2026-10-05T18:55:00.372077+00:00,27,15
147374,5906717453359,OCHO NAILS Hybrid-Nagellack red 208 -5 g,147374,5906717453359,,EUR,,,0.0,stock_flag,PRODUCT_PAYLOAD,2225,3783,147374,numberExact,1.73,1.73,SOURCE_PRICE_MISSING,,,,DISABLED,8,2.57,SOURCE_PRICE_MISSING,OK,FOUND,PARTIAL_ERROR,ActiveShop Price Diamond bulunamadi,2026-10-05T18:57:40.812419+00:00,2026-10-05T18:57:41.250603+00:00,27,15
147509,5906717454707,OCHO NAILS Flex base 157 -5 g,147509,5906717454707,,EUR,,,0.0,stock_flag,PRODUCT_PAYLOAD,2259,3867,147509,numberExact,2.17,2.17,SOURCE_PRICE_MISSING,,,,DISABLED,8,3.23,SOURCE_PRICE_MISSING,OK,FOUND,PARTIAL_ERROR,ActiveShop Price Diamond bulunamadi,2026-10-05T19:03:34.808158+00:00,2026-10-05T19:03:35.340621+00:00,27,13
148089,5900117980156,Farmona Filler & Lifting-Abschminkmilch 500 ml,148089,5900117980156,,EUR,,,0.0,stock_flag,PRODUCT_PAYLOAD,2304,3943,148089,numberExact,5.63,5.63,SOURCE_PRICE_MISSING,,,,DISABLED,8,8.37,SOURCE_PRICE_MISSING,OK,FOUND,PARTIAL_ERROR,ActiveShop Price Diamond bulunamadi,2026-10-05T19:08:26.284149+00:00,2026-10-05T19:08:26.802418+00:00,27,13
148088,5900117980361,Farmona Hautcrememaske Pfingstrosenessenz Creme-Maske für Körper und Füße Pfingstrose 500 ml,148088,5900117980361,,EUR,,,0.0,stock_flag,PRODUCT_PAYLOAD,2311,3950,148088,numberExact,7.49,,SOURCE_PRICE_MISSING,,,,DISABLED,8,,SOURCE_PRICE_MISSING,OK,FOUND,PARTIAL_ERROR,ActiveShop Price Diamond bulunamadi,2026-10-05T19:08:42.624860+00:00,2026-10-05T19:08:43.141816+00:00,27,13
148216,5906717457593,OCHO NAILS Hybrid-Starterkit 2,148216,5906717457593,,EUR,,,0.0,stock_flag,PRODUCT_PAYLOAD,2318,3957,148216,numberExact,41.64,41.64,SOURCE_PRICE_MISSING,,,,DISABLED,8,61.94,SOURCE_PRICE_MISSING,OK,FOUND,PARTIAL_ERROR,ActiveShop Price Diamond bulunamadi,2026-10-05T19:08:58.725673+00:00,2026-10-05T19:08:59.217910+00:00,27,13
148217,5906717457609,OCHO NAILS Hybrid-Starterkit 3,148217,5906717457609,,EUR,,,0.0,stock_flag,PRODUCT_PAYLOAD,2319,3958,148217,numberExact,35.76,35.76,SOURCE_PRICE_MISSING,,,,DISABLED,8,53.19,SOURCE_PRICE_MISSING,OK,FOUND,PARTIAL_ERROR,ActiveShop Price Diamond bulunamadi,2026-10-05T19:09:00.675051+00:00,2026-10-05T19:09:01.117758+00:00,27,13
148218,5906717457616,OCHO NAILS Hybrid-Starterkit 4,148218,5906717457616,,EUR,,,0.0,stock_flag,PRODUCT_PAYLOAD,2320,3959,148218,numberExact,29.72,29.72,SOURCE_PRICE_MISSING,,,,DISABLED,8,44.21,SOURCE_PRICE_MISSING,OK,FOUND,PARTIAL_ERROR,ActiveShop Price Diamond bulunamadi,2026-10-05T19:09:02.542899+00:00,2026-10-05T19:09:02.997292+00:00,27,13
148220,5906717457630,OCHO NAILS Hybrid-Starterkit 6,148220,5906717457630,,EUR,,,0.0,stock_flag,PRODUCT_PAYLOAD,2321,3960,148220,numberExact,33.69,33.69,SOURCE_PRICE_MISSING,,,,DISABLED,8,50.11,SOURCE_PRICE_MISSING,OK,FOUND,PARTIAL_ERROR,ActiveShop Price Diamond bulunamadi,2026-10-05T19:09:05.279752+00:00,2026-10-05T19:09:05.708223+00:00,27,13
148215,5906717457586,OCHO NAILS Hybrid-Starterkit 1,148215,5906717457586,,EUR,,,0.0,stock_flag,PRODUCT_PAYLOAD,2322,3961,148215,numberExact,23.84,23.84,SOURCE_PRICE_MISSING,,,,DISABLED,8,35.46,SOURCE_PRICE_MISSING,OK,FOUND,PARTIAL_ERROR,ActiveShop Price Diamond bulunamadi,2026-10-06T01:52:47.188194+00:00,2026-10-06T01:52:48.000621+00:00,27,13
148219,5906717457623,OCHO NAILS Hybrid-Starterkit 5,148219,5906717457623,,EUR,,,0.0,stock_flag,PRODUCT_PAYLOAD,2323,3962,148219,numberExact,77.4,77.4,SOURCE_PRICE_MISSING,,,,DISABLED,8,115.13,SOURCE_PRICE_MISSING,OK,FOUND,PARTIAL_ERROR,ActiveShop Price Diamond bulunamadi,2026-10-06T01:52:49.346178+00:00,2026-10-06T01:52:50.145747+00:00,27,13
148221,5906717457647,OCHO NAILS Hybrid-Starterkit 7,148221,5906717457647,,EUR,,,0.0,stock_flag,PRODUCT_PAYLOAD,2324,3963,148221,numberExact,27.3,27.3,SOURCE_PRICE_MISSING,,,,DISABLED,8,40.61,SOURCE_PRICE_MISSING,OK,FOUND,PARTIAL_ERROR,ActiveShop Price Diamond bulunamadi,2026-10-06T01:52:51.474841+00:00,2026-10-06T01:52:52.299242+00:00,27,13
148222,5906717457654,OCHO NAILS Hybrid-Starterkit 8,148222,5906717457654,,EUR,,,0.0,stock_flag,PRODUCT_PAYLOAD,2325,3964,148222,numberExact,11.92,11.92,SOURCE_PRICE_MISSING,,,,DISABLED,8,17.73,SOURCE_PRICE_MISSING,OK,FOUND,PARTIAL_ERROR,ActiveShop Price Diamond bulunamadi,2026-10-06T01:52:53.615514+00:00,2026-10-06T01:52:54.127617+00:00,27,13
148303,5900117981252,Farmona einzigartige hautwirksame Lifting-Creme TENS'UP 50 ml,148303,5900117981252,,EUR,,,0.0,stock_flag,PRODUCT_PAYLOAD,2351,4031,148303,numberExact,9.24,9.24,SOURCE_PRICE_MISSING,,,,DISABLED,8,13.74,SOURCE_PRICE_MISSING,OK,FOUND,PARTIAL_ERROR,ActiveShop Price Diamond bulunamadi,2026-10-06T01:57:00.983675+00:00,2026-10-06T01:57:01.488373+00:00,27,13
148335,5903819820140,CLARESA Hybridlack Voller Farben 1 -5g,148335,5903819820140,,EUR,,,0.0,stock_flag,PRODUCT_PAYLOAD,2376,4063,148335,numberExact,2.08,,SOURCE_PRICE_MISSING,,,,DISABLED,8,,SOURCE_PRICE_MISSING,OK,FOUND,PARTIAL_ERROR,ActiveShop Price Diamond bulunamadi,2026-10-06T01:59:19.294384+00:00,2026-10-06T01:59:19.806587+00:00,27,13
148336,5903819820157,CLARESA Hybridlack Voller Farben 2 -5g,148336,5903819820157,,EUR,,,0.0,stock_flag,PRODUCT_PAYLOAD,2376,4064,148336,numberExact,2.08,,SOURCE_PRICE_MISSING,,,,DISABLED,8,,SOURCE_PRICE_MISSING,OK,FOUND,PARTIAL_ERROR,ActiveShop Price Diamond bulunamadi,2026-10-06T01:59:21.116611+00:00,2026-10-06T01:59:21.640020+00:00,27,13
148340,5903819820195,CLARESA Hybridlack Voller Farben 6 -5g,148340,5903819820195,,EUR,,,0.0,stock_flag,PRODUCT_PAYLOAD,2376,4068,148340,numberExact,2.08,,SOURCE_PRICE_MISSING,,,,DISABLED,8,,SOURCE_PRICE_MISSING,OK,FOUND,PARTIAL_ERROR,ActiveShop Price Diamond bulunamadi,2026-10-06T01:59:30.505656+00:00,2026-10-06T01:59:31.025630+00:00,27,13
148098,5906717457043,Sakura Massagesessel Standard 801 schwarz-rot,148098,5906717457043,,EUR,,,0.0,stock_flag,PRODUCT_PAYLOAD,2101,3599,148098,numberExact,1010.16,,SOURCE_PRICE_MISSING,,,,DISABLED,8,,SOURCE_PRICE_MISSING,OK,FOUND,PARTIAL_ERROR,ActiveShop Price Diamond bulunamadi,2026-10-06T01:59:34.928897+00:00,2026-10-06T01:59:35.426769+00:00,27,13
148371,5600450615028,Capillus Ulltraliss Forte Ampullen 10 ml,148371,5600450615028,,EUR,,,0.0,stock_flag,PRODUCT_PAYLOAD,2388,4097,148371,numberExact,22.95,,SOURCE_PRICE_MISSING,,,,DISABLED,8,,SOURCE_PRICE_MISSING,OK,FOUND,PARTIAL_ERROR,ActiveShop Price Diamond bulunamadi,2026-10-06T02:01:35.904666+00:00,2026-10-06T02:01:36.436509+00:00,27,13
148945,5903819819151,Claresa Top Bubble schwarz Matt Ohne Wischtuch -5g,148945,5903819819151,,EUR,,,0.0,stock_flag,PRODUCT_PAYLOAD,2499,4240,148945,numberExact,2.98,,SOURCE_PRICE_MISSING,,,,DISABLED,8,,SOURCE_PRICE_MISSING,OK,FOUND,PARTIAL_ERROR,ActiveShop Price Diamond bulunamadi,2026-10-06T02:12:00.789727+00:00,2026-10-06T02:12:01.283686+00:00,27,13
148122,5906717457258,Elegantes Platin T8108 Air Pressure Gerät,148122,5906717457258,Elegantes Platin T8108 Air Pressure Gerät,EUR,705.52,extension_attributes.final_price,51.0,extension_attributes.stock_qty,PRODUCT_PAYLOAD,,,,,,,,,,,,,,,OK,PLENTY_VARIATION_NOT_FOUND,PLENTY_MATCH_ERROR,SKU/EAN ile Plenty varyasyonu bulunamadi.,2026-10-06T12:20:47.185633+00:00,,27,13
149584,5906717459474,YOGA MAT 1108,149584,5906717459474,,EUR,,,0.0,stock_flag,PRODUCT_PAYLOAD,2609,4393,149584,numberExact,21.64,21.64,SOURCE_PRICE_MISSING,,,,DISABLED,8,32.19,SOURCE_PRICE_MISSING,OK,FOUND,PARTIAL_ERROR,ActiveShop Price Diamond bulunamadi,2026-10-06T12:22:50.341291+00:00,2026-10-06T12:22:50.902160+00:00,27,13
148019,5906717456633,"GLOW RGB 10"" BSC Ringlicht mit 10W Stativ",148019,5906717456633,,EUR,,,0.0,stock_flag,PRODUCT_PAYLOAD,2616,4401,148019,numberExact,16.74,16.74,SOURCE_PRICE_MISSING,,,,DISABLED,8,24.9,SOURCE_PRICE_MISSING,OK,FOUND,PARTIAL_ERROR,ActiveShop Price Diamond bulunamadi,2026-10-06T12:23:14.426096+00:00,2026-10-06T12:23:15.015907+00:00,27,13
148123,5906717457364,Lackextrusionsschlüssel gold,148123,5906717457364,,EUR,,,0.0,stock_flag,PRODUCT_PAYLOAD,2634,4432,148123,numberExact,,,SOURCE_PRICE_MISSING,,,,DISABLED,8,,SOURCE_PRICE_MISSING,OK,FOUND,PARTIAL_ERROR,ActiveShop Price Diamond bulunamadi,2026-10-06T12:25:50.629452+00:00,2026-10-06T12:25:51.218095+00:00,27,13
148163,5906717457104,Momo Diamond Velour Ecru Maniküre Armlehne,148163,5906717457104,,EUR,,,0.0,stock_flag,PRODUCT_PAYLOAD,2637,4435,148163,numberExact,13.25,13.25,SOURCE_PRICE_MISSING,,,,DISABLED,8,19.71,SOURCE_PRICE_MISSING,OK,FOUND,PARTIAL_ERROR,ActiveShop Price Diamond bulunamadi,2026-10-06T12:25:58.203118+00:00,2026-10-06T12:25:58.795025+00:00,27,13
148532,5906717459214,Armlehne MOMO 8-M pink,148532,5906717459214,,EUR,,,0.0,stock_flag,PRODUCT_PAYLOAD,2638,4438,148532,numberExact,3.18,,SOURCE_PRICE_MISSING,,,,DISABLED,8,,SOURCE_PRICE_MISSING,OK,FOUND,PARTIAL_ERROR,ActiveShop Price Diamond bulunamadi,2026-10-06T12:26:05.685431+00:00,2026-10-06T12:26:06.289851+00:00,27,13
148447,5906717458798,Glow L03 Tisch-OP-Leuchte Schwarz,148447,5906717458798,,EUR,,,0.0,stock_flag,PRODUCT_PAYLOAD,2646,4447,148447,numberExact,30.0,,SOURCE_PRICE_MISSING,,,,DISABLED,8,,SOURCE_PRICE_MISSING,OK,FOUND,PARTIAL_ERROR,ActiveShop Price Diamond bulunamadi,2026-10-06T12:26:33.584901+00:00,2026-10-06T12:26:34.196529+00:00,27,13
149526,5906717460074,Elektrischer Barberstuhl Gabbiano Duke Schwarz,149526,5906717460074,,EUR,,,0.0,stock_flag,PRODUCT_PAYLOAD,2661,4472,149526,numberExact,1082.31,1082.31,SOURCE_PRICE_MISSING,,,,DISABLED,8,1609.94,SOURCE_PRICE_MISSING,OK,FOUND,PARTIAL_ERROR,ActiveShop Price Diamond bulunamadi,2026-10-06T12:28:48.934045+00:00,2026-10-06T12:28:49.516377+00:00,27,13
149527,5906717460081,Elektrischer Barberstuhl Gabbiano Duke Braun,149527,5906717460081,,EUR,,,0.0,stock_flag,PRODUCT_PAYLOAD,2661,4473,149527,numberExact,1082.31,,SOURCE_PRICE_MISSING,,,,DISABLED,8,,SOURCE_PRICE_MISSING,OK,FOUND,PARTIAL_ERROR,ActiveShop Price Diamond bulunamadi,2026-10-06T12:28:51.044141+00:00,2026-10-06T12:28:51.628552+00:00,27,13
148560,5906717459313,Pro Ink Tattoo Armlehne 718 Black Spade W,148560,5906717459313,,EUR,,,0.0,stock_flag,PRODUCT_PAYLOAD,2662,4474,148560,numberExact,60.61,,SOURCE_PRICE_MISSING,,,,DISABLED,8,,SOURCE_PRICE_MISSING,OK,FOUND,PARTIAL_ERROR,ActiveShop Price Diamond bulunamadi,2026-10-06T12:28:53.164261+00:00,2026-10-06T12:28:53.736157+00:00,27,13
149523,5906717460043,Friseurwaschstation Porto Grau sm,149523,5906717460043,,EUR,,,0.0,stock_flag,PRODUCT_PAYLOAD,2694,4519,149523,numberExact,360.77,360.77,SOURCE_PRICE_MISSING,,,,DISABLED,8,536.65,SOURCE_PRICE_MISSING,OK,FOUND,PARTIAL_ERROR,ActiveShop Price Diamond bulunamadi,2026-10-06T12:32:33.523261+00:00,2026-10-06T12:32:34.170792+00:00,27,13
149524,5906717460050,Friseurwaschstation Porto schwarz,149524,5906717460050,,EUR,,,0.0,stock_flag,PRODUCT_PAYLOAD,2529,4280,149524,numberExact,353.55,353.55,SOURCE_PRICE_MISSING,,,,DISABLED,8,525.91,SOURCE_PRICE_MISSING,OK,FOUND,PARTIAL_ERROR,ActiveShop Price Diamond bulunamadi,2026-10-06T12:32:35.663553+00:00,2026-10-06T12:32:36.261649+00:00,27,13
151829,5900117985090,Farmona pure icon Zwei-Phasen-Make-up-Entferner für Gesicht und Augen 250ml,151829,5900117985090,,EUR,,,0.0,stock_flag,PRODUCT_PAYLOAD,2700,4526,151829,numberExact,4.19,,SOURCE_PRICE_MISSING,,,,DISABLED,8,,SOURCE_PRICE_MISSING,OK,FOUND,PARTIAL_ERROR,ActiveShop Price Diamond bulunamadi,2026-10-06T12:32:55.706422+00:00,2026-10-06T12:32:56.272465+00:00,27,13
150165,5906717461286,Ocho Nails breite gerade Feile 100/180 10 Stk.,150165,5906717461286,,EUR,,,0.0,stock_flag,PRODUCT_PAYLOAD,2732,4564,150165,numberExact,1.1,,SOURCE_PRICE_MISSING,,,,DISABLED,8,,SOURCE_PRICE_MISSING,OK,FOUND,PARTIAL_ERROR,ActiveShop Price Diamond bulunamadi,2026-10-06T19:03:01.458795+00:00,2026-10-06T19:03:01.958821+00:00,27,13
150123,5906717461002,4Rico Drehstuhl QS-OF212G rosa,150123,5906717461002,,EUR,,,0.0,stock_flag,PRODUCT_PAYLOAD,2592,4367,150123,numberExact,42.75,,SOURCE_PRICE_MISSING,,,,DISABLED,8,,SOURCE_PRICE_MISSING,OK,FOUND,PARTIAL_ERROR,ActiveShop Price Diamond bulunamadi,2026-10-06T19:03:54.684223+00:00,2026-10-06T19:03:55.194749+00:00,27,13
150126,5906717461033,4Rico Drehstuhl QS-BL14G Rosa,150126,5906717461033,,EUR,,,0.0,stock_flag,PRODUCT_PAYLOAD,2595,4379,150126,numberExact,81.68,,SOURCE_PRICE_MISSING,,,,DISABLED,8,,SOURCE_PRICE_MISSING,OK,FOUND,PARTIAL_ERROR,ActiveShop Price Diamond bulunamadi,2026-10-06T19:05:38.636059+00:00,2026-10-06T19:05:39.174329+00:00,27,13
150127,5906717461040,4Rico Stuhl QS-OF213G rosa,150127,5906717461040,,EUR,,,0.0,stock_flag,PRODUCT_PAYLOAD,2493,4233,150127,numberExact,70.71,70.71,SOURCE_PRICE_MISSING,,,,DISABLED,8,105.18,SOURCE_PRICE_MISSING,OK,FOUND,PARTIAL_ERROR,ActiveShop Price Diamond bulunamadi,2026-10-06T19:05:40.548901+00:00,2026-10-06T19:05:41.061542+00:00,27,13
150914,5906717462368,Activ Podo Pediküre Fußstütze blau,150914,5906717462368,,EUR,,,0.0,stock_flag,PRODUCT_PAYLOAD,2808,4653,150914,numberExact,13.75,13.75,SOURCE_PRICE_MISSING,,,,DISABLED,8,20.45,SOURCE_PRICE_MISSING,OK,FOUND,PARTIAL_ERROR,ActiveShop Price Diamond bulunamadi,2026-10-06T19:10:44.778308+00:00,2026-10-06T19:10:45.569944+00:00,27,15
151057,5906717463358,Momo Diamond Velour Weiß Maniküre Armlehne,151057,5906717463358,,EUR,,,0.0,stock_flag,PRODUCT_PAYLOAD,2811,4657,151057,numberExact,13.25,13.25,SOURCE_PRICE_MISSING,,,,DISABLED,8,19.71,SOURCE_PRICE_MISSING,OK,FOUND,PARTIAL_ERROR,ActiveShop Price Diamond bulunamadi,2026-10-06T19:10:53.957465+00:00,2026-10-06T19:10:54.442281+00:00,27,13
150994,5906717462849,OCHO NAILS Gel gold -30 g,150994,5906717462849,,EUR,,,0.0,stock_flag,PRODUCT_PAYLOAD,2265,3877,150994,numberExact,5.6,,SOURCE_PRICE_MISSING,,,,DISABLED,8,,SOURCE_PRICE_MISSING,OK,FOUND,PARTIAL_ERROR,ActiveShop Price Diamond bulunamadi,2026-10-06T19:17:36.487736+00:00,2026-10-06T19:17:37.025190+00:00,27,13
150995,5906717462856,OCHO NAILS Gel sparkle pink -30 g,150995,5906717462856,,EUR,,,0.0,stock_flag,PRODUCT_PAYLOAD,2884,4757,150995,numberExact,5.6,,SOURCE_PRICE_MISSING,,,,DISABLED,8,,SOURCE_PRICE_MISSING,OK,FOUND,PARTIAL_ERROR,ActiveShop Price Diamond bulunamadi,2026-10-06T19:17:38.454703+00:00,2026-10-06T19:17:38.983681+00:00,27,13
150178,5906717461378,Gabbiano Friseurwaschbecke Liege Head Spa 017 beige,150178,5906717461378,,EUR,,,0.0,stock_flag,PRODUCT_PAYLOAD,2885,4758,150178,numberExact,929.35,929.35,SOURCE_PRICE_MISSING,,,,DISABLED,8,1382.41,SOURCE_PRICE_MISSING,OK,FOUND,PARTIAL_ERROR,ActiveShop Price Diamond bulunamadi,2026-10-06T19:17:43.191644+00:00,2026-10-06T19:17:43.716071+00:00,27,13
151035,5906717463136,Momo 04-GL Kosmetiktisch,151035,5906717463136,,EUR,,,0.0,stock_flag,PRODUCT_PAYLOAD,2887,4764,151035,numberExact,173.17,173.17,SOURCE_PRICE_MISSING,,,,DISABLED,8,257.59,SOURCE_PRICE_MISSING,OK,FOUND,PARTIAL_ERROR,ActiveShop Price Diamond bulunamadi,2026-10-06T19:18:59.464604+00:00,2026-10-06T19:19:00.247515+00:00,27,31
152010,5906717463648,Kinder Friseur Cape CJ-06,152010,5906717463648,,EUR,,,0.0,stock_flag,PRODUCT_PAYLOAD,2914,4791,152010,numberExact,1.5,1.5,SOURCE_PRICE_MISSING,,,,DISABLED,8,2.23,SOURCE_PRICE_MISSING,OK,FOUND,PARTIAL_ERROR,ActiveShop Price Diamond bulunamadi,2026-10-06T19:20:14.833240+00:00,2026-10-06T19:20:15.344199+00:00,27,13
154296,5906660139591,Vliesunterlage 20gEKO 60cm*100m,154296,5906660139591,,EUR,,,0.0,stock_flag,PRODUCT_PAYLOAD,2930,4812,154296,numberExact,9.04,,SOURCE_PRICE_MISSING,,,,DISABLED,8,,SOURCE_PRICE_MISSING,OK,FOUND,PARTIAL_ERROR,ActiveShop Price Diamond bulunamadi,2026-10-06T19:22:26.630264+00:00,2026-10-06T19:22:27.122032+00:00,27,13
154297,5907803465676,Vliesunterlage 20gEKO 80cm*100m,154297,5907803465676,,EUR,,,0.0,stock_flag,PRODUCT_PAYLOAD,2930,4813,154297,numberExact,11.51,,SOURCE_PRICE_MISSING,,,,DISABLED,8,,SOURCE_PRICE_MISSING,OK,FOUND,PARTIAL_ERROR,ActiveShop Price Diamond bulunamadi,2026-10-06T19:22:28.496702+00:00,2026-10-06T19:22:29.017734+00:00,27,13
154298,5907803465645,Vliesunterlage 20gEKO 100cm*100m,154298,5907803465645,,EUR,,,0.0,stock_flag,PRODUCT_PAYLOAD,2930,4814,154298,numberExact,13.15,,SOURCE_PRICE_MISSING,,,,DISABLED,8,,SOURCE_PRICE_MISSING,OK,FOUND,PARTIAL_ERROR,ActiveShop Price Diamond bulunamadi,2026-10-06T19:22:30.573103+00:00,2026-10-06T19:22:31.092069+00:00,27,13
154301,5907803465690,Vliesunterlage 20gEKO 60cm*50m,154301,5907803465690,,EUR,,,0.0,stock_flag,PRODUCT_PAYLOAD,2930,4815,154301,numberExact,4.11,4.11,SOURCE_PRICE_MISSING,,,,DISABLED,8,6.11,SOURCE_PRICE_MISSING,OK,FOUND,PARTIAL_ERROR,ActiveShop Price Diamond bulunamadi,2026-10-06T19:22:37.653811+00:00,2026-10-06T19:22:38.140760+00:00,27,13
150661,5906717461972,OCHO NAILS Hybrid-Nagellack muffin M02 -5 g,150661,5906717461972,,EUR,,,0.0,stock_flag,PRODUCT_PAYLOAD,2942,4829,150661,numberExact,1.73,1.73,SOURCE_PRICE_MISSING,,,,DISABLED,8,2.57,SOURCE_PRICE_MISSING,OK,FOUND,PARTIAL_ERROR,ActiveShop Price Diamond bulunamadi,2026-10-07T01:01:19.736342+00:00,2026-10-07T01:01:20.303218+00:00,27,13
154521,5906717467769,Kosmetikhocker 6001-G gold weiß zweite Kategorie,154521,5906717467769,,EUR,,,0.0,stock_flag,PRODUCT_PAYLOAD,2949,4836,154521,numberExact,27.28,,SOURCE_PRICE_MISSING,,,,DISABLED,8,,SOURCE_PRICE_MISSING,OK,FOUND,PARTIAL_ERROR,ActiveShop Price Diamond bulunamadi,2026-10-07T01:01:41.091951+00:00,2026-10-07T01:01:41.649106+00:00,27,13
154522,5906717467776,Kosmetikhocker 6001-G gold schwarz zweite Kategorie,154522,5906717467776,,EUR,,,0.0,stock_flag,PRODUCT_PAYLOAD,2949,4837,154522,numberExact,27.28,,SOURCE_PRICE_MISSING,,,,DISABLED,8,,SOURCE_PRICE_MISSING,OK,FOUND,PARTIAL_ERROR,ActiveShop Price Diamond bulunamadi,2026-10-07T01:01:43.087282+00:00,2026-10-07T01:01:43.640952+00:00,27,15
151054,5906717463327,Gabbiano Friseurkonsole,151054,5906717463327,,EUR,,,0.0,stock_flag,PRODUCT_PAYLOAD,2954,4844,151054,numberExact,125.0,,SOURCE_PRICE_MISSING,,,,DISABLED,8,,SOURCE_PRICE_MISSING,OK,FOUND,PARTIAL_ERROR,ActiveShop Price Diamond bulunamadi,2026-10-07T01:01:58.760539+00:00,2026-10-07T01:01:59.297885+00:00,27,13
151032,5906717463105,Kosmetiktisch Momo L03 mit Staubabscheider,151032,5906717463105,,EUR,,,0.0,stock_flag,PRODUCT_PAYLOAD,,,,,,,,,,,,,,,OK,PLENTY_VARIATION_NOT_FOUND,PLENTY_MATCH_ERROR,SKU/EAN ile Plenty varyasyonu bulunamadi.,2026-10-07T01:04:28.206144+00:00,,27,13
154147,5906717465185,Friseurwaschstation Porto Grau Weiß,154147,5906717465185,,EUR,,,0.0,stock_flag,PRODUCT_PAYLOAD,2529,4283,154147,numberExact,360.77,360.77,SOURCE_PRICE_MISSING,,,,DISABLED,8,536.65,SOURCE_PRICE_MISSING,OK,FOUND,PARTIAL_ERROR,ActiveShop Price Diamond bulunamadi,2026-10-07T01:09:49.718785+00:00,2026-10-07T01:09:50.716204+00:00,27,13
155608,5903819839609,CLARESA HYBRID-NAGELLACK AUTUMN CRUSH 2 5G,155608,5903819839609,,EUR,,,0.0,stock_flag,PRODUCT_PAYLOAD,3055,4973,155608,numberExact,1.25,,SOURCE_PRICE_MISSING,,,,DISABLED,8,,SOURCE_PRICE_MISSING,OK,FOUND,PARTIAL_ERROR,ActiveShop Price Diamond bulunamadi,2026-10-07T01:11:23.453743+00:00,2026-10-07T01:11:24.024114+00:00,27,15
154144,5906717465154,Gabbiano Friseurstuhl Porto Weiß Beige,154144,5906717465154,,EUR,,,0.0,stock_flag,PRODUCT_PAYLOAD,3033,4942,154144,numberExact,180.38,180.38,SOURCE_PRICE_MISSING,,,,DISABLED,8,268.32,SOURCE_PRICE_MISSING,OK,FOUND,PARTIAL_ERROR,ActiveShop Price Diamond bulunamadi,2026-10-07T01:12:36.936547+00:00,2026-10-07T01:12:37.513258+00:00,27,13
154149,5906717465208,Friseurwaschstation Porto Weiß Grau,154149,5906717465208,,EUR,,,0.0,stock_flag,PRODUCT_PAYLOAD,2529,4285,154149,numberExact,353.55,353.55,SOURCE_PRICE_MISSING,,,,DISABLED,8,525.91,SOURCE_PRICE_MISSING,OK,FOUND,PARTIAL_ERROR,ActiveShop Price Diamond bulunamadi,2026-10-07T01:12:41.583245+00:00,2026-10-07T01:12:42.614238+00:00,27,13
154151,5906717465222,Friseurwaschstation Porto Weiß Beige,154151,5906717465222,,EUR,,,0.0,stock_flag,PRODUCT_PAYLOAD,2529,4286,154151,numberExact,353.55,353.55,SOURCE_PRICE_MISSING,,,,DISABLED,8,525.91,SOURCE_PRICE_MISSING,OK,FOUND,PARTIAL_ERROR,ActiveShop Price Diamond bulunamadi,2026-10-07T01:12:44.129387+00:00,2026-10-07T01:12:44.691912+00:00,27,13
154481,5906717467400,Saeyang Nagelfräser Marathon 3 Champion NEW white + H200,154481,5906717467400,Saeyang Nagelfräser Marathon 3 Champion NEW white + H200,EUR,90.0,extension_attributes.final_price,2985.0,extension_attributes.stock_qty,PRODUCT_PAYLOAD,,,,,,,,,,,,,,,OK,PLENTY_VARIATION_NOT_FOUND,PLENTY_MATCH_ERROR,SKU/EAN ile Plenty varyasyonu bulunamadi.,2026-10-07T01:17:26.287624+00:00,,27,13
154483,5906717467417,Saeyang Nagelfräser Marathon 3 Champion NEW schwarz + H200,154483,5906717467417,Saeyang Nagelfräser Marathon 3 Champion NEW schwarz + H200,EUR,90.0,extension_attributes.final_price,2220.0,extension_attributes.stock_qty,PRODUCT_PAYLOAD,,,,,,,,,,,,,,,OK,PLENTY_VARIATION_NOT_FOUND,PLENTY_MATCH_ERROR,SKU/EAN ile Plenty varyasyonu bulunamadi.,2026-10-07T01:18:38.611684+00:00,,27,33
155746,7610558017714,Valera Haartrockner 8500 ionic 2000W Rotocord night black,155746,7610558017714,,EUR,,,0.0,stock_flag,PRODUCT_PAYLOAD,3132,5083,155746,numberExact,67.68,67.68,SOURCE_PRICE_MISSING,,,,DISABLED,8,100.67,SOURCE_PRICE_MISSING,OK,FOUND,PARTIAL_ERROR,ActiveShop Price Diamond bulunamadi,2026-10-07T01:21:53.620692+00:00,2026-10-07T01:21:54.625553+00:00,27,13
155728,5906717471124,Gabbiano Kosmetikhocker Q-4599 Schwarz V2,155728,5906717471124,,EUR,,,0.0,stock_flag,PRODUCT_PAYLOAD,3159,5110,155728,numberExact,44.95,44.95,SOURCE_PRICE_MISSING,,,,DISABLED,8,66.86,SOURCE_PRICE_MISSING,OK,FOUND,PARTIAL_ERROR,ActiveShop Price Diamond bulunamadi,2026-10-07T07:43:27.541850+00:00,2026-10-07T07:43:28.065585+00:00,27,13
155727,5906717471117,Gabbiano Kosmetikhocker Q-4599G Schwarz V2,155727,5906717471117,,EUR,,,0.0,stock_flag,PRODUCT_PAYLOAD,3160,5111,155727,numberExact,50.41,50.41,SOURCE_PRICE_MISSING,,,,DISABLED,8,74.98,SOURCE_PRICE_MISSING,OK,FOUND,PARTIAL_ERROR,ActiveShop Price Diamond bulunamadi,2026-10-07T07:43:29.459294+00:00,2026-10-07T07:43:29.977170+00:00,27,13
155513,5906717470417,Saeyang Nagelfräser Marathon 3 Champion NEW white + SH37LN,155513,5906717470417,Saeyang Nagelfräser Marathon 3 Champion NEW white + SH37LN,EUR,92.5,extension_attributes.final_price,224.0,extension_attributes.stock_qty,PRODUCT_PAYLOAD,,,,,,,,,,,,,,,OK,PLENTY_VARIATION_NOT_FOUND,PLENTY_MATCH_ERROR,SKU/EAN ile Plenty varyasyonu bulunamadi.,2026-10-07T07:45:32.039314+00:00,,27,13
155765,5906717471445,Saeyang Nagelfräser Marathon 3 Champion NEW schwarz + SH37LN,155765,5906717471445,Saeyang Nagelfräser Marathon 3 Champion NEW schwarz + SH37LN,EUR,92.5,extension_attributes.final_price,299.0,extension_attributes.stock_qty,PRODUCT_PAYLOAD,,,,,,,,,,,,,,,OK,PLENTY_VARIATION_NOT_FOUND,PLENTY_MATCH_ERROR,SKU/EAN ile Plenty varyasyonu bulunamadi.,2026-10-07T07:45:35.175107+00:00,,27,13
155693,5906717470288,Saeyang Nagelfräser Marathon N2 Retro + H200,155693,5906717470288,,EUR,,,0.0,stock_flag,PRODUCT_PAYLOAD,3173,5131,155693,numberExact,96.54,,SOURCE_PRICE_MISSING,,,,DISABLED,8,,SOURCE_PRICE_MISSING,OK,FOUND,PARTIAL_ERROR,ActiveShop Price Diamond bulunamadi,2026-10-07T07:45:38.479602+00:00,2026-10-07T07:45:39.043507+00:00,27,13
154232,5906717465918,Kosmetikspiegel G031 mit Absaugvorrichtung S-41 weiß,154232,5906717465918,,EUR,,,0.0,stock_flag,PRODUCT_PAYLOAD,3206,5168,154232,numberExact,144.31,,SOURCE_PRICE_MISSING,,,,DISABLED,8,,SOURCE_PRICE_MISSING,OK,FOUND,PARTIAL_ERROR,ActiveShop Price Diamond bulunamadi,2026-10-07T07:48:27.611622+00:00,2026-10-07T07:48:28.134318+00:00,27,15
154683,5906717468186,SPA-Liege Sillon Siesta cremefarben mit schwarzem Untergestell,154683,5906717468186,,EUR,,,0.0,stock_flag,PRODUCT_PAYLOAD,3207,5169,154683,numberExact,1024.59,,SOURCE_PRICE_MISSING,,,,DISABLED,8,,SOURCE_PRICE_MISSING,OK,FOUND,PARTIAL_ERROR,ActiveShop Price Diamond bulunamadi,2026-10-07T07:48:29.562724+00:00,2026-10-07T07:48:30.097162+00:00,27,13
154687,5906717468223,SPA-Liege Sillon Comfort cremefarben mit hellbraunem Untergestell,154687,5906717468223,,EUR,,,0.0,stock_flag,PRODUCT_PAYLOAD,3211,5173,154687,numberExact,1111.18,1111.18,SOURCE_PRICE_MISSING,,,,DISABLED,8,1652.88,SOURCE_PRICE_MISSING,OK,FOUND,PARTIAL_ERROR,ActiveShop Price Diamond bulunamadi,2026-10-07T07:48:47.083656+00:00,2026-10-07T07:48:47.603874+00:00,27,17
154690,5906717468254,SPA-Liege Sillon Leisure Premium,154690,5906717468254,,EUR,,,0.0,stock_flag,PRODUCT_PAYLOAD,3214,5176,154690,numberExact,1125.61,1125.61,SOURCE_PRICE_MISSING,,,,DISABLED,8,1674.34,SOURCE_PRICE_MISSING,OK,FOUND,PARTIAL_ERROR,ActiveShop Price Diamond bulunamadi,2026-10-07T07:48:54.338824+00:00,2026-10-07T07:48:54.831517+00:00,27,13
154187,5906717465604,Sakura Massagesessel 809 3D grau-blau,154187,5906717465604,,EUR,,,0.0,stock_flag,PRODUCT_PAYLOAD,3215,5179,154187,numberExact,1443.09,,SOURCE_PRICE_MISSING,,,,DISABLED,8,,SOURCE_PRICE_MISSING,OK,FOUND,PARTIAL_ERROR,ActiveShop Price Diamond bulunamadi,2026-10-07T07:49:01.200086+00:00,2026-10-07T07:49:01.700642+00:00,27,13
155556,5906717470561,Kessner-Blasgerät,155556,5906717470561,,EUR,,,0.0,stock_flag,PRODUCT_PAYLOAD,3216,5180,155556,numberExact,27.42,27.42,SOURCE_PRICE_MISSING,,,,DISABLED,8,40.79,SOURCE_PRICE_MISSING,OK,FOUND,PARTIAL_ERROR,ActiveShop Price Diamond bulunamadi,2026-10-07T07:49:33.093348+00:00,2026-10-07T07:49:33.643808+00:00,27,17
154692,5906717468285,Hydraulischer Kosmetikstuhl Sillon A 210DH mit Wiege weiß,154692,5906717468285,,EUR,,,0.0,stock_flag,PRODUCT_PAYLOAD,3219,5184,154692,numberExact,213.58,213.58,SOURCE_PRICE_MISSING,,,,DISABLED,8,317.7,SOURCE_PRICE_MISSING,OK,FOUND,PARTIAL_ERROR,ActiveShop Price Diamond bulunamadi,2026-10-07T07:49:42.358503+00:00,2026-10-07T07:49:42.875580+00:00,27,13
155574,5906717470615,Gabbiano Levi Barber's Stuhl Grau mit schwarzem Gestell mit Naht hinten,155574,5906717470615,,EUR,,,0.0,stock_flag,PRODUCT_PAYLOAD,3227,5196,155574,numberExact,396.27,,SOURCE_PRICE_MISSING,,,,DISABLED,8,,SOURCE_PRICE_MISSING,OK,FOUND,PARTIAL_ERROR,ActiveShop Price Diamond bulunamadi,2026-10-07T07:51:22.105154+00:00,2026-10-07T07:51:22.648429+00:00,27,13
155248,5906717468728,Barberstuhl Gabbiano President rosa mit schwarzem Gestell,155248,5906717468728,Barberstuhl Gabbiano President rosa mit schwarzem Gestell,EUR,490.65,extension_attributes.final_price,10.0,extension_attributes.stock_qty,PRODUCT_PAYLOAD,,,,,,,,,,,,,,,OK,PLENTY_VARIATION_NOT_FOUND,PLENTY_MATCH_ERROR,SKU/EAN ile Plenty varyasyonu bulunamadi.,2026-10-07T07:54:04.467704+00:00,,27,13
155769,5906717471469,Friseurstuhl Gabbiano Francesco grau mit schwarzem Gestell,155769,5906717471469,Friseurstuhl Gabbiano Francesco grau mit schwarzem Gestell,EUR,404.06,extension_attributes.final_price,24.0,extension_attributes.stock_qty,PRODUCT_PAYLOAD,,,,,,,,,,,,,,,OK,PLENTY_VARIATION_NOT_FOUND,PLENTY_MATCH_ERROR,SKU/EAN ile Plenty varyasyonu bulunamadi.,2026-10-07T07:54:07.634458+00:00,,27,13
155911,5906717472275,Friseurstuhl Gabbiano Francesco Graphit mit schwarzem Gestell 2. Klasse,155911,5906717472275,Friseurstuhl Gabbiano Francesco Graphit mit schwarzem Gestell 2. Klasse,EUR,404.06,extension_attributes.final_price,12.0,extension_attributes.stock_qty,PRODUCT_PAYLOAD,,,,,,,,,,,,,,,OK,PLENTY_VARIATION_NOT_FOUND,PLENTY_MATCH_ERROR,SKU/EAN ile Plenty varyasyonu bulunamadi.,2026-10-07T07:54:10.935354+00:00,,27,13
155912,5906717472282,Barbierstuhl Gabbiano Francesco Graphit mit gebürstetem schwarzem Gestell 2. Klasse,155912,5906717472282,Barbierstuhl Gabbiano Francesco Graphit mit gebürstetem schwarzem Gestell 2. Klasse,EUR,418.49,extension_attributes.final_price,15.0,extension_attributes.stock_qty,PRODUCT_PAYLOAD,,,,,,,,,,,,,,,OK,PLENTY_VARIATION_NOT_FOUND,PLENTY_MATCH_ERROR,SKU/EAN ile Plenty varyasyonu bulunamadi.,2026-10-07T07:54:13.811567+00:00,,27,13
155720,5906717471049,Friseurstuhl Gabbiano Acri schwarz,155720,5906717471049,Friseurstuhl Gabbiano Acri schwarz,EUR,165.95,extension_attributes.final_price,6.0,extension_attributes.stock_qty,PRODUCT_PAYLOAD,,,,,,,,,,,,,,,OK,PLENTY_VARIATION_NOT_FOUND,PLENTY_MATCH_ERROR,SKU/EAN ile Plenty varyasyonu bulunamadi.,2026-10-07T07:54:16.925595+00:00,,27,13
155721,5906717471056,Friseurstuhl Gabbiano Acri Beige,155721,5906717471056,Friseurstuhl Gabbiano Acri Beige,EUR,165.95,extension_attributes.final_price,37.0,extension_attributes.stock_qty,PRODUCT_PAYLOAD,,,,,,,,,,,,,,,OK,PLENTY_VARIATION_NOT_FOUND,PLENTY_MATCH_ERROR,SKU/EAN ile Plenty varyasyonu bulunamadi.,2026-10-07T07:54:20.172519+00:00,,27,13
155725,5906717471094,Friseurstuhl Gabbiano Royal X rot,155725,5906717471094,Friseurstuhl Gabbiano Royal X rot,EUR,411.42,extension_attributes.final_price,0.0,extension_attributes.stock_qty,PRODUCT_PAYLOAD,,,,,,,,,,,,,,,OK,PLENTY_VARIATION_NOT_FOUND,PLENTY_MATCH_ERROR,SKU/EAN ile Plenty varyasyonu bulunamadi.,2026-10-07T07:54:23.013198+00:00,,27,15
155726,5906717471100,Friseurstuhl Gabbiano Royal X grün,155726,5906717471100,Friseurstuhl Gabbiano Royal X grün,EUR,411.42,extension_attributes.final_price,0.0,extension_attributes.stock_qty,PRODUCT_PAYLOAD,,,,,,,,,,,,,,,OK,PLENTY_VARIATION_NOT_FOUND,PLENTY_MATCH_ERROR,SKU/EAN ile Plenty varyasyonu bulunamadi.,2026-10-07T07:54:26.316581+00:00,,27,13
155538,5906717470448,SPA-Kosmetikstuhl für die Pediküre Sillon Elysia beige,155538,5906717470448,,EUR,,,0.0,stock_flag,PRODUCT_PAYLOAD,,,,,,,,,,,,,,,OK,PLENTY_VARIATION_NOT_FOUND,PLENTY_MATCH_ERROR,SKU/EAN ile Plenty varyasyonu bulunamadi.,2026-10-07T07:54:29.480694+00:00,,27,13
155539,5906717470455,SPA-Kosmetikstuhl für die Pediküre Sillon Elysia creme,155539,5906717470455,SPA-Kosmetikstuhl für die Pediküre Sillon Elysia creme,EUR,721.54,extension_attributes.final_price,0.0,extension_attributes.stock_qty,PRODUCT_PAYLOAD,,,,,,,,,,,,,,,OK,PLENTY_VARIATION_NOT_FOUND,PLENTY_MATCH_ERROR,SKU/EAN ile Plenty varyasyonu bulunamadi.,2026-10-07T07:54:32.658322+00:00,,27,13
155294,5906717469060,Kinderfriseurstuhl in Autoform Gabbiano BMW,155294,5906717469060,Kinderfriseurstuhl in Autoform Gabbiano BMW,EUR,192.07,extension_attributes.final_price,0.0,extension_attributes.stock_qty,PRODUCT_PAYLOAD,,,,,,,,,,,,,,,OK,PLENTY_VARIATION_NOT_FOUND,PLENTY_MATCH_ERROR,SKU/EAN ile Plenty varyasyonu bulunamadi.,2026-10-07T07:54:36.002575+00:00,,27,15
154694,5906717468292,Barberstuhl Gabbiano Rufo Beige,154694,5906717468292,Barberstuhl Gabbiano Rufo Beige,EUR,216.46,extension_attributes.final_price,0.0,extension_attributes.stock_qty,PRODUCT_PAYLOAD,,,,,,,,,,,,,,,OK,PLENTY_VARIATION_NOT_FOUND,PLENTY_MATCH_ERROR,SKU/EAN ile Plenty varyasyonu bulunamadi.,2026-10-07T07:54:38.933938+00:00,,27,13
155291,5906717469039,Kinderfriseurstuhl in Autoform Gabbiano Lamborghini,155291,5906717469039,Kinderfriseurstuhl in Autoform Gabbiano Lamborghini,EUR,196.4,extension_attributes.final_price,0.0,extension_attributes.stock_qty,PRODUCT_PAYLOAD,,,,,,,,,,,,,,,OK,PLENTY_VARIATION_NOT_FOUND,PLENTY_MATCH_ERROR,SKU/EAN ile Plenty varyasyonu bulunamadi.,2026-10-07T07:54:42.230177+00:00,,27,13
155292,5906717469046,Kinderfriseurstuhl in Autoform Gabbiano Mercedes,155292,5906717469046,Kinderfriseurstuhl in Autoform Gabbiano Mercedes,EUR,241.14,extension_attributes.final_price,14.0,extension_attributes.stock_qty,PRODUCT_PAYLOAD,,,,,,,,,,,,,,,OK,PLENTY_VARIATION_NOT_FOUND,PLENTY_MATCH_ERROR,SKU/EAN ile Plenty varyasyonu bulunamadi.,2026-10-07T07:54:45.597709+00:00,,27,15
155293,5906717469053,Kinderfriseurstuhl Gabbiano Feuerwehrauto,155293,5906717469053,Kinderfriseurstuhl Gabbiano Feuerwehrauto,EUR,236.81,extension_attributes.final_price,14.0,extension_attributes.stock_qty,PRODUCT_PAYLOAD,,,,,,,,,,,,,,,OK,PLENTY_VARIATION_NOT_FOUND,PLENTY_MATCH_ERROR,SKU/EAN ile Plenty varyasyonu bulunamadi.,2026-10-07T07:54:48.639303+00:00,,27,13
154327,5906717466687,Kosmetikschreibtisch 332 weiß,154327,5906717466687,Kosmetikschreibtisch 332 weiß,EUR,201.89,extension_attributes.final_price,14.0,extension_attributes.stock_qty,PRODUCT_PAYLOAD,,,,,,,,,,,,,,,OK,PLENTY_VARIATION_NOT_FOUND,PLENTY_MATCH_ERROR,SKU/EAN ile Plenty varyasyonu bulunamadi.,2026-10-07T07:54:51.937716+00:00,,27,13
151016,5906717463006,Tattooliege Pro Ink 210DH mit Wiegefunktion schwarz,151016,5906717463006,Tattooliege Pro Ink 210DH mit Wiegefunktion schwarz,EUR,213.58,extension_attributes.final_price,0.0,extension_attributes.stock_qty,PRODUCT_PAYLOAD,,,,,,,,,,,,,,,OK,PLENTY_VARIATION_NOT_FOUND,PLENTY_MATCH_ERROR,SKU/EAN ile Plenty varyasyonu bulunamadi.,2026-10-07T07:54:55.255898+00:00,,27,13
155919,5906717472350,Einweg-bademantel kurzer ärmel 10 Stück,155919,5906717472350,Einweg-bademantel kurzer ärmel 10 Stück,EUR,10.53,extension_attributes.final_price,50.0,extension_attributes.stock_qty,PRODUCT_PAYLOAD,,,,,,,,,,,,,,,OK,PLENTY_VARIATION_NOT_FOUND,PLENTY_MATCH_ERROR,SKU/EAN ile Plenty varyasyonu bulunamadi.,2026-10-07T07:54:58.242510+00:00,,27,13
155302,5906717469145,Friseursalon-Waschbecken Hair System Borneo schwarz,155302,5906717469145,Friseursalon-Waschbecken Hair System Borneo schwarz,EUR,202.03,extension_attributes.final_price,0.0,extension_attributes.stock_qty,PRODUCT_PAYLOAD,,,,,,,,,,,,,,,OK,PLENTY_VARIATION_NOT_FOUND,PLENTY_MATCH_ERROR,SKU/EAN ile Plenty varyasyonu bulunamadi.,2026-10-07T07:55:01.173405+00:00,,27,13
154882,5906717468513,Elektrischer Kosmetikstuhl Azzurro 708A mit 4 Motoren superweiß,154882,5906717468513,Elektrischer Kosmetikstuhl Azzurro 708A mit 4 Motoren mit Heizung superweiß,EUR,1136.72,extension_attributes.final_price,22.0,extension_attributes.stock_qty,PRODUCT_PAYLOAD,,,,,,,,,,,,,,,OK,PLENTY_VARIATION_NOT_FOUND,PLENTY_MATCH_ERROR,SKU/EAN ile Plenty varyasyonu bulunamadi.,2026-10-07T07:55:04.590490+00:00,,27,13
155901,5906717472220,Elektrische Massageliege Azzurro 684A 1 Motor schwarz,155901,5906717472220,Elektrische Massageliege Azzurro 684A 1 Motor schwarz,EUR,398.29,extension_attributes.final_price,115.0,extension_attributes.stock_qty,PRODUCT_PAYLOAD,,,,,,,,,,,,,,,OK,PLENTY_VARIATION_NOT_FOUND,PLENTY_MATCH_ERROR,SKU/EAN ile Plenty varyasyonu bulunamadi.,2026-10-07T07:55:07.564353+00:00,,27,13
155908,5900117012048,Farmona TRYCHO PERFUME Parfümierter Feuchtigkeitsnebel für Haar und Körper 50 ml,155908,5900117012048,Farmona TRYCHO PERFUME Parfümierter Feuchtigkeitsnebel für Haar und Körper 50 ml,EUR,2.74,extension_attributes.final_price,5.0,extension_attributes.stock_qty,PRODUCT_PAYLOAD,,,,,,,,,,,,,,,OK,PLENTY_VARIATION_NOT_FOUND,PLENTY_MATCH_ERROR,SKU/EAN ile Plenty varyasyonu bulunamadi.,2026-10-07T07:55:10.911858+00:00,,27,13
155909,5900117012055,Farmona TRYCHO PERFUME Parfümierter Erfrischungsnebel für Haar und Körper 50 ml,155909,5900117012055,Farmona TRYCHO PERFUME Parfümierter Erfrischungsnebel für Haar und Körper 50 ml,EUR,2.74,extension_attributes.final_price,6.0,extension_attributes.stock_qty,PRODUCT_PAYLOAD,,,,,,,,,,,,,,,OK,PLENTY_VARIATION_NOT_FOUND,PLENTY_MATCH_ERROR,SKU/EAN ile Plenty varyasyonu bulunamadi.,2026-10-07T07:55:13.914995+00:00,,27,15
155964,5900117011997,Farmona TRYCHO CLEAN Spezial-Reinigungsspülung 900 ml,155964,5900117011997,Farmona TRYCHO CLEAN Spezial-Reinigungsspülung 900 ml,EUR,13.57,extension_attributes.final_price,6.0,extension_attributes.stock_qty,PRODUCT_PAYLOAD,,,,,,,,,,,,,,,OK,PLENTY_VARIATION_NOT_FOUND,PLENTY_MATCH_ERROR,SKU/EAN ile Plenty varyasyonu bulunamadi.,2026-10-07T07:55:17.248499+00:00,,27,13
155965,5900117011980,Farmona TRYCHO CLEAN Spezielles Reinigungsshampoo 900 ml,155965,5900117011980,Farmona TRYCHO CLEAN Spezielles Reinigungsshampoo 900 ml,EUR,13.57,extension_attributes.final_price,17.0,extension_attributes.stock_qty,PRODUCT_PAYLOAD,,,,,,,,,,,,,,,OK,PLENTY_VARIATION_NOT_FOUND,PLENTY_MATCH_ERROR,SKU/EAN ile Plenty varyasyonu bulunamadi.,2026-10-07T07:55:20.194514+00:00,,27,13
155966,5900117011867,Farmona TRYCHO GLOW Spezieller Feuchtigkeits-Conditioner 900 ml,155966,5900117011867,Farmona TRYCHO GLOW Spezieller Feuchtigkeits-Conditioner 900 ml,EUR,13.57,extension_attributes.final_price,8.0,extension_attributes.stock_qty,PRODUCT_PAYLOAD,,,,,,,,,,,,,,,OK,PLENTY_VARIATION_NOT_FOUND,PLENTY_MATCH_ERROR,SKU/EAN ile Plenty varyasyonu bulunamadi.,2026-10-07T07:55:23.437378+00:00,,27,13
155967,5900117011850,Farmona TRYCHO GLOW Spezielles feuchtigkeitsspendendes Shampoo 900 ml,155967,5900117011850,Farmona TRYCHO GLOW Spezielles feuchtigkeitsspendendes Shampoo 900 ml,EUR,13.57,extension_attributes.final_price,13.0,extension_attributes.stock_qty,PRODUCT_PAYLOAD,,,,,,,,,,,,,,,OK,PLENTY_VARIATION_NOT_FOUND,PLENTY_MATCH_ERROR,SKU/EAN ile Plenty varyasyonu bulunamadi.,2026-10-07T07:55:26.375516+00:00,,27,13
155968,5900117012024,Farmona Parfümierter Feuchtigkeitsnebel für Haar und Körper 200 ml,155968,5900117012024,Farmona Parfümierter Feuchtigkeitsnebel für Haar und Körper 200 ml,EUR,5.63,extension_attributes.final_price,5.0,extension_attributes.stock_qty,PRODUCT_PAYLOAD,,,,,,,,,,,,,,,OK,PLENTY_VARIATION_NOT_FOUND,PLENTY_MATCH_ERROR,SKU/EAN ile Plenty varyasyonu bulunamadi.,2026-10-07T07:55:29.660206+00:00,,27,13
155969,5900117012031,Farmona Parfümierter Erfrischungsnebel für Haar und Körper 200 ml,155969,5900117012031,Farmona Parfümierter Erfrischungsnebel für Haar und Körper 200 ml,EUR,5.63,extension_attributes.final_price,9.0,extension_attributes.stock_qty,PRODUCT_PAYLOAD,,,,,,,,,,,,,,,OK,PLENTY_VARIATION_NOT_FOUND,PLENTY_MATCH_ERROR,SKU/EAN ile Plenty varyasyonu bulunamadi.,2026-10-07T07:55:32.586829+00:00,,27,13
155970,5900117011904,Farmona TRYCHO GLOW Spezialisierte Feuchtigkeitsmaske 375 ml,155970,5900117011904,Farmona TRYCHO GLOW Spezialisierte Feuchtigkeitsmaske 375 ml,EUR,10.1,extension_attributes.final_price,2.0,extension_attributes.stock_qty,PRODUCT_PAYLOAD,,,,,,,,,,,,,,,OK,PLENTY_VARIATION_NOT_FOUND,PLENTY_MATCH_ERROR,SKU/EAN ile Plenty varyasyonu bulunamadi.,2026-10-07T07:55:35.832209+00:00,,27,13
155971,5900117012000,Farmona TRYCHO CLEAN Spezielles Reinigungspeeling 375 ml,155971,5900117012000,Farmona TRYCHO CLEAN Spezielles Reinigungspeeling 375 ml,EUR,10.1,extension_attributes.final_price,7.0,extension_attributes.stock_qty,PRODUCT_PAYLOAD,,,,,,,,,,,,,,,OK,PLENTY_VARIATION_NOT_FOUND,PLENTY_MATCH_ERROR,SKU/EAN ile Plenty varyasyonu bulunamadi.,2026-10-07T07:55:39.269631+00:00,,27,13
155972,5900117012017,Farmona TRYCHO SMOOTH Spezialisierte Glättungscreme 375 ml,155972,5900117012017,Farmona TRYCHO SMOOTH Spezialisierte Glättungscreme 375 ml,EUR,8.52,extension_attributes.final_price,5.0,extension_attributes.stock_qty,PRODUCT_PAYLOAD,,,,,,,,,,,,,,,OK,PLENTY_VARIATION_NOT_FOUND,PLENTY_MATCH_ERROR,SKU/EAN ile Plenty varyasyonu bulunamadi.,2026-10-07T07:55:42.328214+00:00,,27,13
155304,5906717469169,Stuhl 4Rico Linea schwarz,155304,5906717469169,Stuhl 4Rico Linea schwarz,EUR,40.84,extension_attributes.final_price,62.0,extension_attributes.stock_qty,PRODUCT_PAYLOAD,,,,,,,,,,,,,,,OK,PLENTY_VARIATION_NOT_FOUND,PLENTY_MATCH_ERROR,SKU/EAN ile Plenty varyasyonu bulunamadi.,2026-10-07T07:55:45.724677+00:00,,27,13
155306,5906717469183,Stuhl 4Rico Linea grau,155306,5906717469183,Stuhl 4Rico Linea grau,EUR,40.84,extension_attributes.final_price,61.0,extension_attributes.stock_qty,PRODUCT_PAYLOAD,,,,,,,,,,,,,,,OK,PLENTY_VARIATION_NOT_FOUND,PLENTY_MATCH_ERROR,SKU/EAN ile Plenty varyasyonu bulunamadi.,2026-10-07T07:55:48.624558+00:00,,27,13
155308,5906717469206,Stuhl 4Rico Linea weiß,155308,5906717469206,Stuhl 4Rico Linea weiß,EUR,40.84,extension_attributes.final_price,60.0,extension_attributes.stock_qty,PRODUCT_PAYLOAD,,,,,,,,,,,,,,,OK,PLENTY_VARIATION_NOT_FOUND,PLENTY_MATCH_ERROR,SKU/EAN ile Plenty varyasyonu bulunamadi.,2026-10-07T07:55:51.860946+00:00,,27,13
155312,5906717469244,Stuhl 4Rico Intra schwarz,155312,5906717469244,Stuhl 4Rico Intra schwarz,EUR,49.06,extension_attributes.final_price,18.0,extension_attributes.stock_qty,PRODUCT_PAYLOAD,,,,,,,,,,,,,,,OK,PLENTY_VARIATION_NOT_FOUND,PLENTY_MATCH_ERROR,SKU/EAN ile Plenty varyasyonu bulunamadi.,2026-10-07T07:57:00.473130+00:00,,27,33
155314,5906717469268,Stuhl 4Rico Intra grau,155314,5906717469268,Stuhl 4Rico Intra grau,EUR,49.06,extension_attributes.final_price,9.0,extension_attributes.stock_qty,PRODUCT_PAYLOAD,,,,,,,,,,,,,,,OK,PLENTY_VARIATION_NOT_FOUND,PLENTY_MATCH_ERROR,SKU/EAN ile Plenty varyasyonu bulunamadi.,2026-10-07T07:57:04.044804+00:00,,27,13
155316,5906717469282,Stuhl 4Rico Intra weiß,155316,5906717469282,Stuhl 4Rico Intra weiß,EUR,49.06,extension_attributes.final_price,4.0,extension_attributes.stock_qty,PRODUCT_PAYLOAD,,,,,,,,,,,,,,,OK,PLENTY_VARIATION_NOT_FOUND,PLENTY_MATCH_ERROR,SKU/EAN ile Plenty varyasyonu bulunamadi.,2026-10-07T07:57:07.058340+00:00,,27,13
155320,5906717469329,Stuhl 4Rico Asola schwarz,155320,5906717469329,Stuhl 4Rico Asola schwarz,EUR,40.55,extension_attributes.final_price,26.0,extension_attributes.stock_qty,PRODUCT_PAYLOAD,,,,,,,,,,,,,,,OK,PLENTY_VARIATION_NOT_FOUND,PLENTY_MATCH_ERROR,SKU/EAN ile Plenty varyasyonu bulunamadi.,2026-10-07T07:57:10.437828+00:00,,27,13
155322,5906717469343,Stuhl 4Rico Asola grau,155322,5906717469343,Stuhl 4Rico Asola grau,EUR,40.55,extension_attributes.final_price,50.0,extension_attributes.stock_qty,PRODUCT_PAYLOAD,,,,,,,,,,,,,,,OK,PLENTY_VARIATION_NOT_FOUND,PLENTY_MATCH_ERROR,SKU/EAN ile Plenty varyasyonu bulunamadi.,2026-10-07T07:57:13.522372+00:00,,27,13
155324,5906717469367,Stuhl 4Rico Asola weiß,155324,5906717469367,Stuhl 4Rico Asola weiß,EUR,40.55,extension_attributes.final_price,13.0,extension_attributes.stock_qty,PRODUCT_PAYLOAD,,,,,,,,,,,,,,,OK,PLENTY_VARIATION_NOT_FOUND,PLENTY_MATCH_ERROR,SKU/EAN ile Plenty varyasyonu bulunamadi.,2026-10-07T07:57:16.651541+00:00,,27,13
155328,5906717469404,Stuhl 4Rico Verso schwarz,155328,5906717469404,Stuhl 4Rico Verso schwarz,EUR,44.73,extension_attributes.final_price,58.0,extension_attributes.stock_qty,PRODUCT_PAYLOAD,,,,,,,,,,,,,,,OK,PLENTY_VARIATION_NOT_FOUND,PLENTY_MATCH_ERROR,SKU/EAN ile Plenty varyasyonu bulunamadi.,2026-10-07T07:57:19.596874+00:00,,27,13
155330,5906717469428,Stuhl 4Rico Verso grau,155330,5906717469428,Stuhl 4Rico Verso grau,EUR,44.73,extension_attributes.final_price,49.0,extension_attributes.stock_qty,PRODUCT_PAYLOAD,,,,,,,,,,,,,,,OK,PLENTY_VARIATION_NOT_FOUND,PLENTY_MATCH_ERROR,SKU/EAN ile Plenty varyasyonu bulunamadi.,2026-10-07T07:57:22.925128+00:00,,27,17
155332,5906717469442,Stuhl 4Rico Verso weiß,155332,5906717469442,Stuhl 4Rico Verso weiß,EUR,44.73,extension_attributes.final_price,43.0,extension_attributes.stock_qty,PRODUCT_PAYLOAD,,,,,,,,,,,,,,,OK,PLENTY_VARIATION_NOT_FOUND,PLENTY_MATCH_ERROR,SKU/EAN ile Plenty varyasyonu bulunamadi.,2026-10-07T07:57:26.091948+00:00,,27,13
155336,5906717469480,Stuhl 4Rico Vetro schwarz,155336,5906717469480,Stuhl 4Rico Vetro schwarz,EUR,37.37,extension_attributes.final_price,49.0,extension_attributes.stock_qty,PRODUCT_PAYLOAD,,,,,,,,,,,,,,,OK,PLENTY_VARIATION_NOT_FOUND,PLENTY_MATCH_ERROR,SKU/EAN ile Plenty varyasyonu bulunamadi.,2026-10-07T07:57:29.436837+00:00,,27,13
155338,5906717469503,Stuhl 4Rico Vetro grau,155338,5906717469503,Stuhl 4Rico Vetro grau,EUR,37.37,extension_attributes.final_price,45.0,extension_attributes.stock_qty,PRODUCT_PAYLOAD,,,,,,,,,,,,,,,OK,PLENTY_VARIATION_NOT_FOUND,PLENTY_MATCH_ERROR,SKU/EAN ile Plenty varyasyonu bulunamadi.,2026-10-07T07:57:32.828466+00:00,,27,13
155344,5906717469565,Stuhl 4Rico Lucente schwarz,155344,5906717469565,Stuhl 4Rico Lucente schwarz,EUR,45.46,extension_attributes.final_price,59.0,extension_attributes.stock_qty,PRODUCT_PAYLOAD,,,,,,,,,,,,,,,OK,PLENTY_VARIATION_NOT_FOUND,PLENTY_MATCH_ERROR,SKU/EAN ile Plenty varyasyonu bulunamadi.,2026-10-07T07:57:35.728498+00:00,,27,13
155346,5906717469589,Stuhl 4Rico Lucente grau,155346,5906717469589,Stuhl 4Rico Lucente grau,EUR,45.46,extension_attributes.final_price,57.0,extension_attributes.stock_qty,PRODUCT_PAYLOAD,,,,,,,,,,,,,,,OK,PLENTY_VARIATION_NOT_FOUND,PLENTY_MATCH_ERROR,SKU/EAN ile Plenty varyasyonu bulunamadi.,2026-10-07T07:57:38.848906+00:00,,27,13
155348,5906717469602,Stuhl 4Rico Lucente weiß,155348,5906717469602,Stuhl 4Rico Lucente weiß,EUR,45.46,extension_attributes.final_price,60.0,extension_attributes.stock_qty,PRODUCT_PAYLOAD,,,,,,,,,,,,,,,OK,PLENTY_VARIATION_NOT_FOUND,PLENTY_MATCH_ERROR,SKU/EAN ile Plenty varyasyonu bulunamadi.,2026-10-07T07:57:41.783417+00:00,,27,13
124573,5906717415968,Saeyang H35LSP-Kopf für die Marathon-Fräsmaschine,124573,5906717415968,Saeyang H35SP1-Kopf für die Marathon-Fräsmaschine,EUR,76.48,extension_attributes.final_price,0.0,extension_attributes.stock_qty,PRODUCT_PAYLOAD,,,,,,,,,,,,,,,OK,PLENTY_VARIATION_NOT_FOUND,PLENTY_MATCH_ERROR,SKU/EAN ile Plenty varyasyonu bulunamadi.,2026-10-07T07:57:45.023410+00:00,,27,13
124831,5906717416064,Saeyang H37LSP-Kopf für die Marathon-Fräsmaschine,124831,5906717416064,Saeyang H37LSP-Kopf für die Marathon-Fräsmaschine,EUR,76.48,extension_attributes.final_price,248.0,extension_attributes.stock_qty,PRODUCT_PAYLOAD,,,,,,,,,,,,,,,OK,PLENTY_VARIATION_NOT_FOUND,PLENTY_MATCH_ERROR,SKU/EAN ile Plenty varyasyonu bulunamadi.,2026-10-07T07:57:48.294344+00:00,,27,13
156035,5906717473197,"Set Staubabsaugung MOMO P30 60 W, weiß + Fräsmaschine Exo Silent SX7",156035,5906717473197,"Set Staubabsaugung MOMO P30 60 W, weiß + Fräsmaschine Exo Silent SX7",EUR,122.66,extension_attributes.final_price,294.0,extension_attributes.stock_qty,PRODUCT_PAYLOAD,,,,,,,,,,,,,,,OK,PLENTY_VARIATION_NOT_FOUND,PLENTY_MATCH_ERROR,SKU/EAN ile Plenty varyasyonu bulunamadi.,2026-10-07T07:57:51.568047+00:00,,27,13
