input_sku,input_ean,input_name,source_api_sku,source_api_ean,source_api_name,source_currency,source_price_diamond,source_price_path,source_stock,source_stock_path,source_stock_status,plenty_item_id,plenty_variation_id,plenty_variation_number,plenty_match_method,plenty_old_purchase_price,plenty_target_purchase_price,purchase_price_status,plenty_old_stock,plenty_target_stock,stock_delta,source_frontend_stock_url,source_frontend_stock_status,plenty_old_stock_global,stock_status_active,stock_status_global,stock_verified_active,stock_verified_global,stock_verify_status,stock_verify_attempts,stock_status,plenty_sales_price_id,plenty_target_sales_price,sales_price_status,source_status,plenty_status,overall_status,error,fetched_at_utc,synced_at_utc,cycle,attempts_total
125848,5906717400964,Socken frotte 2 st.,125848,5906717400964,Socken frotte 2 st.,EUR,7.12,extension_attributes.final_price,432.0,frontend.Auf_Lager,PRODUCT_PAYLOAD,,,,,,,,,,,https://b2b.activeshop.com.pl/de/socken-frotte-2-st.html,FRONTEND_AUF_LAGER,,,,,,,,,,,,OK,PLENTY_VARIATION_NOT_FOUND,PLENTY_MATCH_ERROR,SKU/EAN ile Plenty varyasyonu bulunamadi.,2026-09-14T18:36:44.758969+00:00,,26,51
131872,5906717431791,Handbrause für Friseur-Waschbecken schwarz,131872,5906717431791,Handbrause für Friseur-Waschbecken schwarz,EUR,13.71,extension_attributes.final_price,1336.0,frontend.Auf_Lager,PRODUCT_PAYLOAD,1544,2797,131872,numberExact,13.71,,DISABLED,1348.0,1336.0,-12.0,https://b2b.activeshop.com.pl/de/handbrause-fur-friseur-waschbecken-schwarz.html,FRONTEND_AUF_LAGER,1345.0,MISMATCH,VERIFIED,1339.0,1336.0,MISMATCH,3,MISMATCH,,,DISABLED,OK,FOUND,STOCK_MISMATCH,"Stok eslesmedi: hedef=1336, Active Shop=1339, Global Lager=1336, deneme=3",2026-09-14T20:54:48.649743+00:00,2026-09-14T20:54:50.190493+00:00,26,50
129327,5906717428234,Gerät Elegante Platinum T8 Anti-Aging & Body-Shaping System,129327,5906717428234,,EUR,,,78.0,frontend.Auf_Lager,PRODUCT_PAYLOAD,,,,,,,,,,,https://b2b.activeshop.com.pl/de/gabbiano-hocker-florenz-schwarz.html,FRONTEND_AUF_LAGER_SEARCH,,,,,,,,,,,,OK,PLENTY_VARIATION_NOT_FOUND,PLENTY_MATCH_ERROR,SKU/EAN ile Plenty varyasyonu bulunamadi.,2026-09-14T21:32:58.328213+00:00,,26,75
148122,5906717457258,Elegantes Platin T8108 Air Pressure Gerät,148122,5906717457258,Elegantes Platin T8108 Air Pressure Gerät,EUR,705.52,extension_attributes.final_price,51.0,frontend.Auf_Lager,PRODUCT_PAYLOAD,,,,,,,,,,,https://b2b.activeshop.com.pl/de/elegantes-platin-t8108-air-pressure-gerat.html,FRONTEND_AUF_LAGER,,,,,,,,,,,,OK,PLENTY_VARIATION_NOT_FOUND,PLENTY_MATCH_ERROR,SKU/EAN ile Plenty varyasyonu bulunamadi.,2026-09-15T04:40:53.576415+00:00,,26,50
151032,5906717463105,Kosmetiktisch Momo L03 mit Staubabscheider,151032,5906717463105,,EUR,,,68.0,frontend.Auf_Lager,PRODUCT_PAYLOAD,,,,,,,,,,,https://b2b.activeshop.com.pl/de/momo-04-bl-kosmetiktisch.html,FRONTEND_AUF_LAGER_SEARCH,,,,,,,,,,,,OK,PLENTY_VARIATION_NOT_FOUND,PLENTY_MATCH_ERROR,SKU/EAN ile Plenty varyasyonu bulunamadi.,2026-09-14T13:36:14.736194+00:00,,25,72
154481,5906717467400,Saeyang Nagelfräser Marathon 3 Champion NEW white + H200,154481,5906717467400,Saeyang Nagelfräser Marathon 3 Champion NEW white + H200,EUR,90.0,extension_attributes.final_price,3391.0,frontend.Auf_Lager,PRODUCT_PAYLOAD,,,,,,,,,,,https://b2b.activeshop.com.pl/de/saeyang-nagelfraser-marathon-3-champion-new-white-h200.html,FRONTEND_AUF_LAGER,,,,,,,,,,,,OK,PLENTY_VARIATION_NOT_FOUND,PLENTY_MATCH_ERROR,SKU/EAN ile Plenty varyasyonu bulunamadi.,2026-09-14T14:31:21.994072+00:00,,25,50
154483,5906717467417,Saeyang Nagelfräser Marathon 3 Champion NEW schwarz + H200,154483,5906717467417,Saeyang Nagelfräser Marathon 3 Champion NEW schwarz + H200,EUR,90.0,extension_attributes.final_price,2266.0,frontend.Auf_Lager,PRODUCT_PAYLOAD,,,,,,,,,,,https://b2b.activeshop.com.pl/de/saeyang-nagelfraser-marathon-3-champion-new-schwarz-h200.html,FRONTEND_AUF_LAGER,,,,,,,,,,,,OK,PLENTY_VARIATION_NOT_FOUND,PLENTY_MATCH_ERROR,SKU/EAN ile Plenty varyasyonu bulunamadi.,2026-09-14T14:32:32.935284+00:00,,25,90
155513,5906717470417,Saeyang Nagelfräser Marathon 3 Champion NEW white + SH37LN,155513,5906717470417,Saeyang Nagelfräser Marathon 3 Champion NEW white + SH37LN,EUR,92.5,extension_attributes.final_price,344.0,frontend.Auf_Lager,PRODUCT_PAYLOAD,,,,,,,,,,,https://b2b.activeshop.com.pl/de/saeyang-nagelfraser-marathon-3-champion-new-white-sh37ln.html,FRONTEND_AUF_LAGER,,,,,,,,,,,,OK,PLENTY_VARIATION_NOT_FOUND,PLENTY_MATCH_ERROR,SKU/EAN ile Plenty varyasyonu bulunamadi.,2026-09-14T14:49:09.848636+00:00,,25,54
155765,5906717471445,Saeyang Nagelfräser Marathon 3 Champion NEW schwarz + SH37LN,155765,5906717471445,Saeyang Nagelfräser Marathon 3 Champion NEW schwarz + SH37LN,EUR,92.5,extension_attributes.final_price,336.0,frontend.Auf_Lager,PRODUCT_PAYLOAD,,,,,,,,,,,https://b2b.activeshop.com.pl/de/saeyang-nagelfraser-marathon-3-champion-new-schwarz-sh37ln.html,FRONTEND_AUF_LAGER,,,,,,,,,,,,OK,PLENTY_VARIATION_NOT_FOUND,PLENTY_MATCH_ERROR,SKU/EAN ile Plenty varyasyonu bulunamadi.,2026-09-14T14:49:14.822500+00:00,,25,55
155248,5906717468728,Barberstuhl Gabbiano President rosa mit schwarzem Gestell,155248,5906717468728,Barberstuhl Gabbiano President rosa mit schwarzem Gestell,EUR,374.75,extension_attributes.final_price,10.0,frontend.Auf_Lager,PRODUCT_PAYLOAD,,,,,,,,,,,https://b2b.activeshop.com.pl/de/barberstuhl-gabbiano-president-rosa-mit-schwarzem-gestell.html,FRONTEND_AUF_LAGER,,,,,,,,,,,,OK,PLENTY_VARIATION_NOT_FOUND,PLENTY_MATCH_ERROR,SKU/EAN ile Plenty varyasyonu bulunamadi.,2026-09-14T15:36:21.837402+00:00,,25,54
155769,5906717471469,Friseurstuhl Gabbiano Francesco grau mit schwarzem Gestell,155769,5906717471469,Friseurstuhl Gabbiano Francesco grau mit schwarzem Gestell,EUR,404.06,extension_attributes.final_price,24.0,frontend.Auf_Lager,PRODUCT_PAYLOAD,,,,,,,,,,,https://b2b.activeshop.com.pl/de/friseurstuhl-gabbiano-francesco-grau-mit-schwarzem-gestell.html,FRONTEND_AUF_LAGER,,,,,,,,,,,,OK,PLENTY_VARIATION_NOT_FOUND,PLENTY_MATCH_ERROR,SKU/EAN ile Plenty varyasyonu bulunamadi.,2026-09-14T15:36:27.988738+00:00,,25,54
155911,5906717472275,Friseurstuhl Gabbiano Francesco Graphit mit schwarzem Gestell 2. Klasse,155911,5906717472275,Friseurstuhl Gabbiano Francesco Graphit mit schwarzem Gestell 2. Klasse,EUR,404.06,extension_attributes.final_price,12.0,frontend.Auf_Lager,PRODUCT_PAYLOAD,,,,,,,,,,,https://b2b.activeshop.com.pl/de/friseurstuhl-gabbiano-francesco-graphit-mit-schwarzem-gestell-2-klasse.html,FRONTEND_AUF_LAGER,,,,,,,,,,,,OK,PLENTY_VARIATION_NOT_FOUND,PLENTY_MATCH_ERROR,SKU/EAN ile Plenty varyasyonu bulunamadi.,2026-09-14T15:36:34.154318+00:00,,25,56
155912,5906717472282,Barbierstuhl Gabbiano Francesco Graphit mit gebürstetem schwarzem Gestell 2. Klasse,155912,5906717472282,Barbierstuhl Gabbiano Francesco Graphit mit gebürstetem schwarzem Gestell 2. Klasse,EUR,418.49,extension_attributes.final_price,15.0,frontend.Auf_Lager,PRODUCT_PAYLOAD,,,,,,,,,,,https://b2b.activeshop.com.pl/de/barbierstuhl-gabbiano-francesco-graphit-mit-geburstetem-schwarzem-gestell-2-klasse.html,FRONTEND_AUF_LAGER,,,,,,,,,,,,OK,PLENTY_VARIATION_NOT_FOUND,PLENTY_MATCH_ERROR,SKU/EAN ile Plenty varyasyonu bulunamadi.,2026-09-14T15:36:39.464431+00:00,,25,54
155720,5906717471049,Friseurstuhl Gabbiano Acri schwarz,155720,5906717471049,Friseurstuhl Gabbiano Acri schwarz,EUR,165.95,extension_attributes.final_price,16.0,frontend.Auf_Lager,PRODUCT_PAYLOAD,,,,,,,,,,,https://b2b.activeshop.com.pl/de/friseurstuhl-gabbiano-acri-schwarz.html,FRONTEND_AUF_LAGER,,,,,,,,,,,,OK,PLENTY_VARIATION_NOT_FOUND,PLENTY_MATCH_ERROR,SKU/EAN ile Plenty varyasyonu bulunamadi.,2026-09-14T15:36:44.887592+00:00,,25,54
155721,5906717471056,Friseurstuhl Gabbiano Acri Beige,155721,5906717471056,Friseurstuhl Gabbiano Acri Beige,EUR,165.95,extension_attributes.final_price,37.0,frontend.Auf_Lager,PRODUCT_PAYLOAD,,,,,,,,,,,https://b2b.activeshop.com.pl/de/friseurstuhl-gabbiano-acri-beige.html,FRONTEND_AUF_LAGER,,,,,,,,,,,,OK,PLENTY_VARIATION_NOT_FOUND,PLENTY_MATCH_ERROR,SKU/EAN ile Plenty varyasyonu bulunamadi.,2026-09-14T15:36:50.695142+00:00,,25,54
155725,5906717471094,Friseurstuhl Gabbiano Royal X rot,155725,5906717471094,Friseurstuhl Gabbiano Royal X rot,EUR,411.42,extension_attributes.final_price,0.0,frontend.Auf_Lager,PRODUCT_PAYLOAD,,,,,,,,,,,https://b2b.activeshop.com.pl/de/friseurstuhl-gabbiano-royal-x-rot.html,FRONTEND_AUF_LAGER,,,,,,,,,,,,OK,PLENTY_VARIATION_NOT_FOUND,PLENTY_MATCH_ERROR,SKU/EAN ile Plenty varyasyonu bulunamadi.,2026-09-14T15:36:56.041902+00:00,,25,54
155726,5906717471100,Friseurstuhl Gabbiano Royal X grün,155726,5906717471100,Friseurstuhl Gabbiano Royal X grün,EUR,411.42,extension_attributes.final_price,0.0,frontend.Auf_Lager,PRODUCT_PAYLOAD,,,,,,,,,,,https://b2b.activeshop.com.pl/de/friseurstuhl-gabbiano-royal-x-grun.html,FRONTEND_AUF_LAGER,,,,,,,,,,,,OK,PLENTY_VARIATION_NOT_FOUND,PLENTY_MATCH_ERROR,SKU/EAN ile Plenty varyasyonu bulunamadi.,2026-09-14T15:37:02.099410+00:00,,25,54
155538,5906717470448,SPA-Kosmetikstuhl für die Pediküre Sillon Elysia beige,155538,5906717470448,,EUR,,,160.0,frontend.Auf_Lager,PRODUCT_PAYLOAD,,,,,,,,,,,https://b2b.activeshop.com.pl/de/nghia-export-nagelhautzange-c-114.html,FRONTEND_AUF_LAGER_SEARCH,,,,,,,,,,,,OK,PLENTY_VARIATION_NOT_FOUND,PLENTY_MATCH_ERROR,SKU/EAN ile Plenty varyasyonu bulunamadi.,2026-09-14T15:37:08.475992+00:00,,25,80
155539,5906717470455,SPA-Kosmetikstuhl für die Pediküre Sillon Elysia creme,155539,5906717470455,SPA-Kosmetikstuhl für die Pediküre Sillon Elysia creme,EUR,721.54,extension_attributes.final_price,0.0,frontend.Auf_Lager,PRODUCT_PAYLOAD,,,,,,,,,,,https://b2b.activeshop.com.pl/de/spa-kosmetikstuhl-fur-die-pedikure-sillon-elysia-creme.html,FRONTEND_AUF_LAGER,,,,,,,,,,,,OK,PLENTY_VARIATION_NOT_FOUND,PLENTY_MATCH_ERROR,SKU/EAN ile Plenty varyasyonu bulunamadi.,2026-09-14T15:37:13.876764+00:00,,25,54
155294,5906717469060,Kinderfriseurstuhl in Autoform Gabbiano BMW,155294,5906717469060,Kinderfriseurstuhl in Autoform Gabbiano BMW,EUR,192.07,extension_attributes.final_price,4.0,frontend.Auf_Lager,PRODUCT_PAYLOAD,,,,,,,,,,,https://b2b.activeshop.com.pl/de/kinderfriseurstuhl-in-autoform-gabbiano-bmw.html,FRONTEND_AUF_LAGER,,,,,,,,,,,,OK,PLENTY_VARIATION_NOT_FOUND,PLENTY_MATCH_ERROR,SKU/EAN ile Plenty varyasyonu bulunamadi.,2026-09-14T15:37:19.166315+00:00,,25,54
154694,5906717468292,Barberstuhl Gabbiano Rufo Beige,154694,5906717468292,Barberstuhl Gabbiano Rufo Beige,EUR,216.46,extension_attributes.final_price,0.0,frontend.Auf_Lager,PRODUCT_PAYLOAD,,,,,,,,,,,https://b2b.activeshop.com.pl/de/barberstuhl-gabbiano-rufo-beige.html,FRONTEND_AUF_LAGER,,,,,,,,,,,,OK,PLENTY_VARIATION_NOT_FOUND,PLENTY_MATCH_ERROR,SKU/EAN ile Plenty varyasyonu bulunamadi.,2026-09-14T15:37:23.163291+00:00,,25,56
155291,5906717469039,Kinderfriseurstuhl in Autoform Gabbiano Lamborghini,155291,5906717469039,Kinderfriseurstuhl in Autoform Gabbiano Lamborghini,EUR,196.4,extension_attributes.final_price,0.0,frontend.Auf_Lager,PRODUCT_PAYLOAD,,,,,,,,,,,https://b2b.activeshop.com.pl/de/kinderfriseurstuhl-in-autoform-gabbiano-lamborghini.html,FRONTEND_AUF_LAGER,,,,,,,,,,,,OK,PLENTY_VARIATION_NOT_FOUND,PLENTY_MATCH_ERROR,SKU/EAN ile Plenty varyasyonu bulunamadi.,2026-09-14T15:37:28.369133+00:00,,25,54
155292,5906717469046,Kinderfriseurstuhl in Autoform Gabbiano Mercedes,155292,5906717469046,Kinderfriseurstuhl in Autoform Gabbiano Mercedes,EUR,241.14,extension_attributes.final_price,20.0,frontend.Auf_Lager,PRODUCT_PAYLOAD,,,,,,,,,,,https://b2b.activeshop.com.pl/de/kinderfriseurstuhl-in-autoform-gabbiano-mercedes.html,FRONTEND_AUF_LAGER,,,,,,,,,,,,OK,PLENTY_VARIATION_NOT_FOUND,PLENTY_MATCH_ERROR,SKU/EAN ile Plenty varyasyonu bulunamadi.,2026-09-14T15:37:33.407198+00:00,,25,54
155293,5906717469053,Kinderfriseurstuhl Gabbiano Feuerwehrauto,155293,5906717469053,Kinderfriseurstuhl Gabbiano Feuerwehrauto,EUR,236.81,extension_attributes.final_price,19.0,frontend.Auf_Lager,PRODUCT_PAYLOAD,,,,,,,,,,,https://b2b.activeshop.com.pl/de/kinderfriseurstuhl-gabbiano-feuerwehrauto.html,FRONTEND_AUF_LAGER,,,,,,,,,,,,OK,PLENTY_VARIATION_NOT_FOUND,PLENTY_MATCH_ERROR,SKU/EAN ile Plenty varyasyonu bulunamadi.,2026-09-14T15:37:38.820857+00:00,,25,56
154327,5906717466687,Kosmetikschreibtisch 332 weiß,154327,5906717466687,Kosmetikschreibtisch 332 weiß,EUR,201.89,extension_attributes.final_price,19.0,frontend.Auf_Lager,PRODUCT_PAYLOAD,,,,,,,,,,,https://b2b.activeshop.com.pl/de/kosmetikschreibtisch-332-weiss.html,FRONTEND_AUF_LAGER,,,,,,,,,,,,OK,PLENTY_VARIATION_NOT_FOUND,PLENTY_MATCH_ERROR,SKU/EAN ile Plenty varyasyonu bulunamadi.,2026-09-14T15:38:53.310747+00:00,,25,90
151016,5906717463006,Tattooliege Pro Ink 210DH mit Wiegefunktion schwarz,151016,5906717463006,Tattooliege Pro Ink 210DH mit Wiegefunktion schwarz,EUR,213.58,extension_attributes.final_price,16.0,frontend.Auf_Lager,PRODUCT_PAYLOAD,,,,,,,,,,,https://b2b.activeshop.com.pl/de/tattooliege-pro-ink-210dh-mit-wiegefunktion-schwarz.html,FRONTEND_AUF_LAGER,,,,,,,,,,,,OK,PLENTY_VARIATION_NOT_FOUND,PLENTY_MATCH_ERROR,SKU/EAN ile Plenty varyasyonu bulunamadi.,2026-09-14T15:38:59.457636+00:00,,25,54
155919,5906717472350,Einweg-bademantel kurzer ärmel 10 Stück,155919,5906717472350,Einweg-bademantel kurzer ärmel 10 Stück,EUR,10.53,extension_attributes.final_price,68.0,frontend.Auf_Lager,PRODUCT_PAYLOAD,,,,,,,,,,,https://b2b.activeshop.com.pl/de/einweg-bademantel-kurzer-armel-10-stuck.html,FRONTEND_AUF_LAGER,,,,,,,,,,,,OK,PLENTY_VARIATION_NOT_FOUND,PLENTY_MATCH_ERROR,SKU/EAN ile Plenty varyasyonu bulunamadi.,2026-09-14T15:39:04.985416+00:00,,25,54
155302,5906717469145,Friseursalon-Waschbecken Hair System Borneo schwarz,155302,5906717469145,Friseursalon-Waschbecken Hair System Borneo schwarz,EUR,202.03,extension_attributes.final_price,0.0,frontend.Auf_Lager,PRODUCT_PAYLOAD,,,,,,,,,,,https://b2b.activeshop.com.pl/de/friseursalon-waschbecken-hair-system-borneo-schwarz.html,FRONTEND_AUF_LAGER,,,,,,,,,,,,OK,PLENTY_VARIATION_NOT_FOUND,PLENTY_MATCH_ERROR,SKU/EAN ile Plenty varyasyonu bulunamadi.,2026-09-14T15:39:10.486239+00:00,,25,54
154882,5906717468513,Elektrischer Kosmetikstuhl Azzurro 708A mit 4 Motoren superweiß,154882,5906717468513,Elektrischer Kosmetikstuhl Azzurro 708A mit 4 Motoren mit Heizung superweiß,EUR,1136.72,extension_attributes.final_price,24.0,frontend.Auf_Lager,PRODUCT_PAYLOAD,,,,,,,,,,,https://b2b.activeshop.com.pl/de/elektrischer-kosmetikstuhl-azzurro-708a-mit-4-motoren-mit-heizung-superweiss.html,FRONTEND_AUF_LAGER,,,,,,,,,,,,OK,PLENTY_VARIATION_NOT_FOUND,PLENTY_MATCH_ERROR,SKU/EAN ile Plenty varyasyonu bulunamadi.,2026-09-14T15:39:15.782591+00:00,,25,56
155901,5906717472220,Elektrische Massageliege Azzurro 684A 1 Motor schwarz,155901,5906717472220,Elektrische Massageliege Azzurro 684A 1 Motor schwarz,EUR,398.29,extension_attributes.final_price,119.0,frontend.Auf_Lager,PRODUCT_PAYLOAD,,,,,,,,,,,https://b2b.activeshop.com.pl/de/elektrische-massageliege-azzurro-684a-1-motor-schwarz.html,FRONTEND_AUF_LAGER,,,,,,,,,,,,OK,PLENTY_VARIATION_NOT_FOUND,PLENTY_MATCH_ERROR,SKU/EAN ile Plenty varyasyonu bulunamadi.,2026-09-14T15:39:21.111442+00:00,,25,54
155908,5900117012048,Farmona TRYCHO PERFUME Parfümierter Feuchtigkeitsnebel für Haar und Körper 50 ml,155908,5900117012048,Farmona TRYCHO PERFUME Parfümierter Feuchtigkeitsnebel für Haar und Körper 50 ml,EUR,2.74,extension_attributes.final_price,8.0,frontend.Auf_Lager,PRODUCT_PAYLOAD,,,,,,,,,,,https://b2b.activeshop.com.pl/de/farmona-trycho-perfume-parfumierter-feuchtigkeitsnebel-fur-haar-und-korper-50-ml.html,FRONTEND_AUF_LAGER,,,,,,,,,,,,OK,PLENTY_VARIATION_NOT_FOUND,PLENTY_MATCH_ERROR,SKU/EAN ile Plenty varyasyonu bulunamadi.,2026-09-14T15:39:27.032808+00:00,,25,54
155909,5900117012055,Farmona TRYCHO PERFUME Parfümierter Erfrischungsnebel für Haar und Körper 50 ml,155909,5900117012055,Farmona TRYCHO PERFUME Parfümierter Erfrischungsnebel für Haar und Körper 50 ml,EUR,2.74,extension_attributes.final_price,6.0,frontend.Auf_Lager,PRODUCT_PAYLOAD,,,,,,,,,,,https://b2b.activeshop.com.pl/de/farmona-trycho-perfume-parfumierter-erfrischungsnebel-fur-haar-und-korper-50-ml.html,FRONTEND_AUF_LAGER,,,,,,,,,,,,OK,PLENTY_VARIATION_NOT_FOUND,PLENTY_MATCH_ERROR,SKU/EAN ile Plenty varyasyonu bulunamadi.,2026-09-14T15:39:32.282230+00:00,,25,56
155964,5900117011997,Farmona TRYCHO CLEAN Spezial-Reinigungsspülung 900 ml,155964,5900117011997,Farmona TRYCHO CLEAN Spezial-Reinigungsspülung 900 ml,EUR,13.57,extension_attributes.final_price,6.0,frontend.Auf_Lager,PRODUCT_PAYLOAD,,,,,,,,,,,https://b2b.activeshop.com.pl/de/farmona-trycho-clean-spezial-reinigungsspulung-900-ml.html,FRONTEND_AUF_LAGER,,,,,,,,,,,,OK,PLENTY_VARIATION_NOT_FOUND,PLENTY_MATCH_ERROR,SKU/EAN ile Plenty varyasyonu bulunamadi.,2026-09-14T15:39:37.485195+00:00,,25,56
155965,5900117011980,Farmona TRYCHO CLEAN Spezielles Reinigungsshampoo 900 ml,155965,5900117011980,Farmona TRYCHO CLEAN Spezielles Reinigungsshampoo 900 ml,EUR,13.57,extension_attributes.final_price,18.0,frontend.Auf_Lager,PRODUCT_PAYLOAD,,,,,,,,,,,https://b2b.activeshop.com.pl/de/farmona-trycho-clean-spezielles-reinigungsshampoo-900-ml.html,FRONTEND_AUF_LAGER,,,,,,,,,,,,OK,PLENTY_VARIATION_NOT_FOUND,PLENTY_MATCH_ERROR,SKU/EAN ile Plenty varyasyonu bulunamadi.,2026-09-14T15:39:43.206939+00:00,,25,54
155966,5900117011867,Farmona TRYCHO GLOW Spezieller Feuchtigkeits-Conditioner 900 ml,155966,5900117011867,Farmona TRYCHO GLOW Spezieller Feuchtigkeits-Conditioner 900 ml,EUR,13.57,extension_attributes.final_price,9.0,frontend.Auf_Lager,PRODUCT_PAYLOAD,,,,,,,,,,,https://b2b.activeshop.com.pl/de/farmona-trycho-glow-spezieller-feuchtigkeits-conditioner-900-ml.html,FRONTEND_AUF_LAGER,,,,,,,,,,,,OK,PLENTY_VARIATION_NOT_FOUND,PLENTY_MATCH_ERROR,SKU/EAN ile Plenty varyasyonu bulunamadi.,2026-09-14T15:39:48.801143+00:00,,25,54
155967,5900117011850,Farmona TRYCHO GLOW Spezielles feuchtigkeitsspendendes Shampoo 900 ml,155967,5900117011850,Farmona TRYCHO GLOW Spezielles feuchtigkeitsspendendes Shampoo 900 ml,EUR,13.57,extension_attributes.final_price,15.0,frontend.Auf_Lager,PRODUCT_PAYLOAD,,,,,,,,,,,https://b2b.activeshop.com.pl/de/farmona-trycho-glow-spezielles-feuchtigkeitsspendendes-shampoo-900-ml.html,FRONTEND_AUF_LAGER,,,,,,,,,,,,OK,PLENTY_VARIATION_NOT_FOUND,PLENTY_MATCH_ERROR,SKU/EAN ile Plenty varyasyonu bulunamadi.,2026-09-14T15:39:54.594235+00:00,,25,54
155968,5900117012024,Farmona Parfümierter Feuchtigkeitsnebel für Haar und Körper 200 ml,155968,5900117012024,Farmona Parfümierter Feuchtigkeitsnebel für Haar und Körper 200 ml,EUR,5.63,extension_attributes.final_price,6.0,frontend.Auf_Lager,PRODUCT_PAYLOAD,,,,,,,,,,,https://b2b.activeshop.com.pl/de/farmona-parfumierter-feuchtigkeitsnebel-fur-haar-und-korper-200-ml.html,FRONTEND_AUF_LAGER,,,,,,,,,,,,OK,PLENTY_VARIATION_NOT_FOUND,PLENTY_MATCH_ERROR,SKU/EAN ile Plenty varyasyonu bulunamadi.,2026-09-14T15:39:59.638094+00:00,,25,54
155969,5900117012031,Farmona Parfümierter Erfrischungsnebel für Haar und Körper 200 ml,155969,5900117012031,Farmona Parfümierter Erfrischungsnebel für Haar und Körper 200 ml,EUR,5.63,extension_attributes.final_price,1.0,frontend.Auf_Lager,PRODUCT_PAYLOAD,,,,,,,,,,,https://b2b.activeshop.com.pl/de/farmona-parfumierter-erfrischungsnebel-fur-haar-und-korper-200-ml.html,FRONTEND_AUF_LAGER,,,,,,,,,,,,OK,PLENTY_VARIATION_NOT_FOUND,PLENTY_MATCH_ERROR,SKU/EAN ile Plenty varyasyonu bulunamadi.,2026-09-14T15:40:04.897842+00:00,,25,54
155970,5900117011904,Farmona TRYCHO GLOW Spezialisierte Feuchtigkeitsmaske 375 ml,155970,5900117011904,Farmona TRYCHO GLOW Spezialisierte Feuchtigkeitsmaske 375 ml,EUR,10.1,extension_attributes.final_price,7.0,frontend.Auf_Lager,PRODUCT_PAYLOAD,,,,,,,,,,,https://b2b.activeshop.com.pl/de/farmona-trycho-glow-spezialisierte-feuchtigkeitsmaske-375-ml.html,FRONTEND_AUF_LAGER,,,,,,,,,,,,OK,PLENTY_VARIATION_NOT_FOUND,PLENTY_MATCH_ERROR,SKU/EAN ile Plenty varyasyonu bulunamadi.,2026-09-14T15:40:10.320374+00:00,,25,54
155971,5900117012000,Farmona TRYCHO CLEAN Spezielles Reinigungspeeling 375 ml,155971,5900117012000,Farmona TRYCHO CLEAN Spezielles Reinigungspeeling 375 ml,EUR,10.1,extension_attributes.final_price,8.0,frontend.Auf_Lager,PRODUCT_PAYLOAD,,,,,,,,,,,https://b2b.activeshop.com.pl/de/farmona-trycho-clean-spezielles-reinigungspeeling-375-ml.html,FRONTEND_AUF_LAGER,,,,,,,,,,,,OK,PLENTY_VARIATION_NOT_FOUND,PLENTY_MATCH_ERROR,SKU/EAN ile Plenty varyasyonu bulunamadi.,2026-09-14T15:40:16.294330+00:00,,25,56
155972,5900117012017,Farmona TRYCHO SMOOTH Spezialisierte Glättungscreme 375 ml,155972,5900117012017,Farmona TRYCHO SMOOTH Spezialisierte Glättungscreme 375 ml,EUR,8.52,extension_attributes.final_price,5.0,frontend.Auf_Lager,PRODUCT_PAYLOAD,,,,,,,,,,,https://b2b.activeshop.com.pl/de/farmona-trycho-smooth-spezialisierte-glattungscreme-375-ml.html,FRONTEND_AUF_LAGER,,,,,,,,,,,,OK,PLENTY_VARIATION_NOT_FOUND,PLENTY_MATCH_ERROR,SKU/EAN ile Plenty varyasyonu bulunamadi.,2026-09-14T15:40:21.423915+00:00,,25,54
155304,5906717469169,Stuhl 4Rico Linea schwarz,155304,5906717469169,Stuhl 4Rico Linea schwarz,EUR,40.84,extension_attributes.final_price,62.0,frontend.Auf_Lager,PRODUCT_PAYLOAD,,,,,,,,,,,https://b2b.activeshop.com.pl/de/stuhl-4rico-linea-schwarz.html,FRONTEND_AUF_LAGER,,,,,,,,,,,,OK,PLENTY_VARIATION_NOT_FOUND,PLENTY_MATCH_ERROR,SKU/EAN ile Plenty varyasyonu bulunamadi.,2026-09-14T15:40:26.604396+00:00,,25,54
155306,5906717469183,Stuhl 4Rico Linea grau,155306,5906717469183,Stuhl 4Rico Linea grau,EUR,40.84,extension_attributes.final_price,61.0,frontend.Auf_Lager,PRODUCT_PAYLOAD,,,,,,,,,,,https://b2b.activeshop.com.pl/de/stuhl-4rico-linea-grau.html,FRONTEND_AUF_LAGER,,,,,,,,,,,,OK,PLENTY_VARIATION_NOT_FOUND,PLENTY_MATCH_ERROR,SKU/EAN ile Plenty varyasyonu bulunamadi.,2026-09-14T15:40:31.778046+00:00,,25,56
155308,5906717469206,Stuhl 4Rico Linea weiß,155308,5906717469206,Stuhl 4Rico Linea weiß,EUR,40.84,extension_attributes.final_price,60.0,frontend.Auf_Lager,PRODUCT_PAYLOAD,,,,,,,,,,,https://b2b.activeshop.com.pl/de/stuhl-4rico-linea-weiss.html,FRONTEND_AUF_LAGER,,,,,,,,,,,,OK,PLENTY_VARIATION_NOT_FOUND,PLENTY_MATCH_ERROR,SKU/EAN ile Plenty varyasyonu bulunamadi.,2026-09-14T15:40:35.738854+00:00,,25,54
155312,5906717469244,Stuhl 4Rico Intra schwarz,155312,5906717469244,Stuhl 4Rico Intra schwarz,EUR,49.06,extension_attributes.final_price,18.0,frontend.Auf_Lager,PRODUCT_PAYLOAD,,,,,,,,,,,https://b2b.activeshop.com.pl/de/stuhl-4rico-intra-schwarz.html,FRONTEND_AUF_LAGER,,,,,,,,,,,,OK,PLENTY_VARIATION_NOT_FOUND,PLENTY_MATCH_ERROR,SKU/EAN ile Plenty varyasyonu bulunamadi.,2026-09-14T15:40:41.199504+00:00,,25,54
155314,5906717469268,Stuhl 4Rico Intra grau,155314,5906717469268,Stuhl 4Rico Intra grau,EUR,49.06,extension_attributes.final_price,8.0,frontend.Auf_Lager,PRODUCT_PAYLOAD,,,,,,,,,,,https://b2b.activeshop.com.pl/de/stuhl-4rico-intra-grau.html,FRONTEND_AUF_LAGER,,,,,,,,,,,,OK,PLENTY_VARIATION_NOT_FOUND,PLENTY_MATCH_ERROR,SKU/EAN ile Plenty varyasyonu bulunamadi.,2026-09-14T15:40:47.176006+00:00,,25,56
155316,5906717469282,Stuhl 4Rico Intra weiß,155316,5906717469282,Stuhl 4Rico Intra weiß,EUR,49.06,extension_attributes.final_price,5.0,frontend.Auf_Lager,PRODUCT_PAYLOAD,,,,,,,,,,,https://b2b.activeshop.com.pl/de/stuhl-4rico-intra-weiss.html,FRONTEND_AUF_LAGER,,,,,,,,,,,,OK,PLENTY_VARIATION_NOT_FOUND,PLENTY_MATCH_ERROR,SKU/EAN ile Plenty varyasyonu bulunamadi.,2026-09-14T15:40:52.408307+00:00,,25,54
155320,5906717469329,Stuhl 4Rico Asola schwarz,155320,5906717469329,Stuhl 4Rico Asola schwarz,EUR,40.55,extension_attributes.final_price,28.0,frontend.Auf_Lager,PRODUCT_PAYLOAD,,,,,,,,,,,https://b2b.activeshop.com.pl/de/stuhl-4rico-asola-schwarz.html,FRONTEND_AUF_LAGER,,,,,,,,,,,,OK,PLENTY_VARIATION_NOT_FOUND,PLENTY_MATCH_ERROR,SKU/EAN ile Plenty varyasyonu bulunamadi.,2026-09-14T15:40:58.148422+00:00,,25,54
155322,5906717469343,Stuhl 4Rico Asola grau,155322,5906717469343,Stuhl 4Rico Asola grau,EUR,40.55,extension_attributes.final_price,55.0,frontend.Auf_Lager,PRODUCT_PAYLOAD,,,,,,,,,,,https://b2b.activeshop.com.pl/de/stuhl-4rico-asola-grau.html,FRONTEND_AUF_LAGER,,,,,,,,,,,,OK,PLENTY_VARIATION_NOT_FOUND,PLENTY_MATCH_ERROR,SKU/EAN ile Plenty varyasyonu bulunamadi.,2026-09-14T15:41:03.779761+00:00,,25,54
155324,5906717469367,Stuhl 4Rico Asola weiß,155324,5906717469367,Stuhl 4Rico Asola weiß,EUR,40.55,extension_attributes.final_price,22.0,frontend.Auf_Lager,PRODUCT_PAYLOAD,,,,,,,,,,,https://b2b.activeshop.com.pl/de/stuhl-4rico-asola-weiss.html,FRONTEND_AUF_LAGER,,,,,,,,,,,,OK,PLENTY_VARIATION_NOT_FOUND,PLENTY_MATCH_ERROR,SKU/EAN ile Plenty varyasyonu bulunamadi.,2026-09-14T15:41:09.574135+00:00,,25,54
155328,5906717469404,Stuhl 4Rico Verso schwarz,155328,5906717469404,Stuhl 4Rico Verso schwarz,EUR,44.73,extension_attributes.final_price,58.0,frontend.Auf_Lager,PRODUCT_PAYLOAD,,,,,,,,,,,https://b2b.activeshop.com.pl/de/stuhl-4rico-verso-schwarz.html,FRONTEND_AUF_LAGER,,,,,,,,,,,,OK,PLENTY_VARIATION_NOT_FOUND,PLENTY_MATCH_ERROR,SKU/EAN ile Plenty varyasyonu bulunamadi.,2026-09-14T15:41:15.052432+00:00,,25,54
155330,5906717469428,Stuhl 4Rico Verso grau,155330,5906717469428,Stuhl 4Rico Verso grau,EUR,44.73,extension_attributes.final_price,50.0,frontend.Auf_Lager,PRODUCT_PAYLOAD,,,,,,,,,,,https://b2b.activeshop.com.pl/de/stuhl-4rico-verso-grau.html,FRONTEND_AUF_LAGER,,,,,,,,,,,,OK,PLENTY_VARIATION_NOT_FOUND,PLENTY_MATCH_ERROR,SKU/EAN ile Plenty varyasyonu bulunamadi.,2026-09-14T15:41:20.696204+00:00,,25,56
155332,5906717469442,Stuhl 4Rico Verso weiß,155332,5906717469442,Stuhl 4Rico Verso weiß,EUR,44.73,extension_attributes.final_price,44.0,frontend.Auf_Lager,PRODUCT_PAYLOAD,,,,,,,,,,,https://b2b.activeshop.com.pl/de/stuhl-4rico-verso-weiss.html,FRONTEND_AUF_LAGER,,,,,,,,,,,,OK,PLENTY_VARIATION_NOT_FOUND,PLENTY_MATCH_ERROR,SKU/EAN ile Plenty varyasyonu bulunamadi.,2026-09-14T15:41:26.061291+00:00,,25,54
155336,5906717469480,Stuhl 4Rico Vetro schwarz,155336,5906717469480,Stuhl 4Rico Vetro schwarz,EUR,37.37,extension_attributes.final_price,61.0,frontend.Auf_Lager,PRODUCT_PAYLOAD,,,,,,,,,,,https://b2b.activeshop.com.pl/de/stuhl-4rico-vetro-schwarz.html,FRONTEND_AUF_LAGER,,,,,,,,,,,,OK,PLENTY_VARIATION_NOT_FOUND,PLENTY_MATCH_ERROR,SKU/EAN ile Plenty varyasyonu bulunamadi.,2026-09-14T15:41:31.897514+00:00,,25,54
155338,5906717469503,Stuhl 4Rico Vetro grau,155338,5906717469503,Stuhl 4Rico Vetro grau,EUR,37.37,extension_attributes.final_price,60.0,frontend.Auf_Lager,PRODUCT_PAYLOAD,,,,,,,,,,,https://b2b.activeshop.com.pl/de/stuhl-4rico-vetro-grau.html,FRONTEND_AUF_LAGER,,,,,,,,,,,,OK,PLENTY_VARIATION_NOT_FOUND,PLENTY_MATCH_ERROR,SKU/EAN ile Plenty varyasyonu bulunamadi.,2026-09-14T15:41:37.116720+00:00,,25,54
155344,5906717469565,Stuhl 4Rico Lucente schwarz,155344,5906717469565,Stuhl 4Rico Lucente schwarz,EUR,45.46,extension_attributes.final_price,59.0,frontend.Auf_Lager,PRODUCT_PAYLOAD,,,,,,,,,,,https://b2b.activeshop.com.pl/de/stuhl-4rico-lucente-schwarz.html,FRONTEND_AUF_LAGER,,,,,,,,,,,,OK,PLENTY_VARIATION_NOT_FOUND,PLENTY_MATCH_ERROR,SKU/EAN ile Plenty varyasyonu bulunamadi.,2026-09-14T15:41:42.525406+00:00,,25,54
155346,5906717469589,Stuhl 4Rico Lucente grau,155346,5906717469589,Stuhl 4Rico Lucente grau,EUR,45.46,extension_attributes.final_price,57.0,frontend.Auf_Lager,PRODUCT_PAYLOAD,,,,,,,,,,,https://b2b.activeshop.com.pl/de/stuhl-4rico-lucente-grau.html,FRONTEND_AUF_LAGER,,,,,,,,,,,,OK,PLENTY_VARIATION_NOT_FOUND,PLENTY_MATCH_ERROR,SKU/EAN ile Plenty varyasyonu bulunamadi.,2026-09-14T15:41:48.184166+00:00,,25,54
155348,5906717469602,Stuhl 4Rico Lucente weiß,155348,5906717469602,Stuhl 4Rico Lucente weiß,EUR,45.46,extension_attributes.final_price,60.0,frontend.Auf_Lager,PRODUCT_PAYLOAD,,,,,,,,,,,https://b2b.activeshop.com.pl/de/stuhl-4rico-lucente-weiss.html,FRONTEND_AUF_LAGER,,,,,,,,,,,,OK,PLENTY_VARIATION_NOT_FOUND,PLENTY_MATCH_ERROR,SKU/EAN ile Plenty varyasyonu bulunamadi.,2026-09-14T15:41:53.447863+00:00,,25,54
124573,5906717415968,Saeyang H35LSP-Kopf für die Marathon-Fräsmaschine,124573,5906717415968,Saeyang H35LSP-Kopf für die Marathon-Fräsmaschine,EUR,76.48,extension_attributes.final_price,0.0,frontend.Auf_Lager,PRODUCT_PAYLOAD,,,,,,,,,,,https://b2b.activeshop.com.pl/de/saeyang-h35lsp-kopf-fur-die-marathon-frasmaschine.html,FRONTEND_AUF_LAGER,,,,,,,,,,,,OK,PLENTY_VARIATION_NOT_FOUND,PLENTY_MATCH_ERROR,SKU/EAN ile Plenty varyasyonu bulunamadi.,2026-09-14T15:41:58.962016+00:00,,25,54
124831,5906717416064,Saeyang H37LSP-Kopf für die Marathon-Fräsmaschine,124831,5906717416064,Saeyang H37LSP-Kopf für die Marathon-Fräsmaschine,EUR,76.48,extension_attributes.final_price,252.0,frontend.Auf_Lager,PRODUCT_PAYLOAD,,,,,,,,,,,https://b2b.activeshop.com.pl/de/saeyang-h37lsp-kopf-fur-die-marathon-frasmaschine.html,FRONTEND_AUF_LAGER,,,,,,,,,,,,OK,PLENTY_VARIATION_NOT_FOUND,PLENTY_MATCH_ERROR,SKU/EAN ile Plenty varyasyonu bulunamadi.,2026-09-14T15:42:04.823300+00:00,,25,56
156035,5906717473197,"Set Staubabsaugung MOMO P30 60 W, weiß + Fräsmaschine Exo Silent SX7",156035,5906717473197,"Set Staubabsaugung MOMO P30 60 W, weiß + Fräsmaschine Exo Silent SX7",EUR,122.66,extension_attributes.final_price,0.0,frontend.Auf_Lager,PRODUCT_PAYLOAD,,,,,,,,,,,https://b2b.activeshop.com.pl/de/set-staubabsaugung-momo-p30-60-w-weiss-frasmaschine-exo-silent-sx7.html,FRONTEND_AUF_LAGER,,,,,,,,,,,,OK,PLENTY_VARIATION_NOT_FOUND,PLENTY_MATCH_ERROR,SKU/EAN ile Plenty varyasyonu bulunamadi.,2026-09-14T15:42:10.679769+00:00,,25,56
